Timestamp,CPU_Power_W_Actual,CPU_Temp_C,CPU_Fan_RPM,Ambient_Temp_C,Set_PPT_W,Mprime_Threads,Thermal_Resistance_Recalculated,Thermal_Resistance_Calculated
2025-06-03 13:11:40.788,21.952,49.6,621,22.8,22,6,1.2208454810495626,1.2208454810495626
2025-06-03 13:11:39.566,21.957,49.68,621,22.8,22,6,1.2242109577811175,1.2242109577811175
2025-06-03 13:11:38.342,21.959,49.66,622,22.8,22,6,1.2231886697937062,1.2231886697937062
2025-06-03 13:11:37.128,21.959,49.38,622,22.8,22,6,1.2104376337720295,1.2104376337720295
2025-06-03 13:11:32.197,21.958,49.44,623,22.8,22,6,1.2132252482011112,1.2132252482011112
2025-06-03 13:11:33.427,21.958,49.32,623,22.8,22,6,1.207760269605611,1.207760269605611
2025-06-03 13:11:34.654,21.957,49.38,623,22.8,22,6,1.210547889055882,1.210547889055882
2025-06-03 13:11:35.892,21.959,49.45,623,22.8,22,6,1.213625392777449,1.213625392777449
2025-06-03 13:04:37.557,15.0,42.29,625,22.8,15,6,1.2993333333333332,1.2993333333333332
2025-06-03 13:04:36.214,15.0,42.32,625,22.8,15,6,1.3013333333333332,1.3013333333333332
2025-06-03 13:11:45.651,21.953,49.77,626,22.8,22,6,1.228533685601057,1.228533685601057
2025-06-03 13:11:44.432,21.947,49.7,626,22.8,22,6,1.2256800473868867,1.2256800473868867
2025-06-03 13:11:43.227,21.952,49.71,626,22.8,22,6,1.225856413994169,1.225856413994169
2025-06-03 13:11:42.007,21.951,49.78,626,22.8,22,6,1.229101179900688,1.229101179900688
2025-06-03 13:04:40.151,14.999,42.38,627,22.8,15,6,1.305420361357424,1.305420361357424
2025-06-03 13:04:38.849,15.002,42.25,627,22.8,15,6,1.2964938008265563,1.2964938008265563
2025-06-03 13:11:57.880,21.96,49.92,629,22.8,22,6,1.2349726775956285,1.2349726775956285
2025-06-03 13:04:41.444,15.001,42.38,629,22.8,15,6,1.305246316912206,1.305246316912206
2025-06-03 13:04:42.783,15.001,42.28,629,22.8,15,6,1.298580094660356,1.298580094660356
2025-06-03 13:11:56.659,21.955,49.92,629,22.8,22,6,1.2352539284900934,1.2352539284900934
2025-06-03 13:11:48.107,21.952,49.75,630,22.8,22,6,1.2276785714285714,1.2276785714285714
2025-06-03 13:11:46.873,21.956,49.65,630,22.8,22,6,1.222900346146839,1.222900346146839
2025-06-03 13:11:51.759,21.951,49.68,630,22.8,22,6,1.224545578789121,1.224545578789121
2025-06-03 13:11:55.442,21.959,50.05,630,22.8,22,6,1.2409490413953277,1.2409490413953277
2025-06-03 13:11:50.545,21.951,49.73,630,22.8,22,6,1.2268233793449044,1.2268233793449044
2025-06-03 13:11:49.325,21.951,49.78,630,22.8,22,6,1.229101179900688,1.229101179900688
2025-06-03 13:11:54.214,21.956,49.91,630,22.8,22,6,1.2347422116961193,1.2347422116961193
2025-06-03 13:11:52.992,21.95,49.82,630,22.8,22,6,1.2309794988610478,1.2309794988610478
2025-06-03 13:05:37.220,15.999,43.18,631,22.8,16,6,1.273829614350897,1.273829614350897
2025-06-03 13:05:41.043,15.998,43.21,631,22.8,16,6,1.2757844730591326,1.2757844730591326
2025-06-03 13:05:38.499,16.003,43.23,631,22.8,16,6,1.276635630819221,1.276635630819221
2025-06-03 13:05:39.771,16.002,43.12,631,22.8,16,6,1.2698412698412698,1.2698412698412698
2025-06-03 13:05:43.661,16.004,43.19,632,22.8,16,6,1.2740564858785302,1.2740564858785302
2025-06-03 13:05:42.371,16.005,43.2,632,22.8,16,6,1.2746016869728212,1.2746016869728212
2025-06-03 13:11:59.090,21.955,50.06,634,22.8,22,6,1.241630608061945,1.241630608061945
2025-06-03 13:12:00.283,21.957,49.95,634,22.8,22,6,1.23650771963383,1.23650771963383
2025-06-03 13:07:20.798,18.001,45.08,635,22.8,18,6,1.2377090161657684,1.2377090161657684
2025-06-03 13:05:34.675,16.0,43.23,635,22.8,16,6,1.2768749999999998,1.2768749999999998
2025-06-03 13:05:33.413,15.997,43.17,635,22.8,16,6,1.2733637557041946,1.2733637557041946
2025-06-03 13:04:21.816,14.998,42.13,635,22.8,15,6,1.2888385118015735,1.2888385118015735
2025-06-03 13:05:32.157,15.998,43.17,635,22.8,16,6,1.273284160520065,1.273284160520065
2025-06-03 13:04:20.469,15.0,42.0,635,22.8,15,6,1.28,1.28
2025-06-03 13:04:34.886,14.999,42.33,635,22.8,15,6,1.3020868057870525,1.3020868057870525
2025-06-03 13:05:35.936,16.001,43.26,635,22.8,16,6,1.2786700831198048,1.2786700831198048
2025-06-03 13:04:33.583,14.997,42.25,635,22.8,15,6,1.296926051877042,1.296926051877042
2025-06-03 13:07:22.072,17.999,44.98,635,22.8,18,6,1.232290682815712,1.232290682815712
2025-06-03 13:04:19.177,15.0,42.18,638,22.8,15,6,1.292,1.292
2025-06-03 13:05:27.064,16.0,43.17,638,22.8,16,6,1.273125,1.273125
2025-06-03 13:05:28.342,15.999,43.24,638,22.8,16,6,1.2775798487405463,1.2775798487405463
2025-06-03 13:04:17.878,14.998,42.13,638,22.8,15,6,1.2888385118015735,1.2888385118015735
2025-06-03 13:06:21.443,17.0,43.97,641,22.8,17,6,1.2452941176470589,1.2452941176470589
2025-06-03 13:06:22.711,17.0,43.91,641,22.8,17,6,1.2417647058823529,1.2417647058823529
2025-06-03 13:04:30.975,15.0,42.2,641,22.8,15,6,1.2933333333333334,1.2933333333333334
2025-06-03 13:04:32.275,15.0,42.18,641,22.8,15,6,1.292,1.292
2025-06-03 13:05:44.940,15.996,43.15,641,22.8,16,6,1.2721930482620654,1.2721930482620654
2025-06-03 13:05:24.439,16.001,43.21,642,22.8,16,6,1.275545278420099,1.275545278420099
2025-06-03 13:05:25.758,15.996,43.15,642,22.8,16,6,1.2721930482620654,1.2721930482620654
2025-06-03 13:06:25.221,17.001,44.0,643,22.8,17,6,1.246985471442856,1.246985471442856
2025-06-03 13:05:30.886,16.0,43.23,643,22.8,16,6,1.2768749999999998,1.2768749999999998
2025-06-03 13:05:29.615,15.998,43.26,643,22.8,16,6,1.2789098637329666,1.2789098637329666
2025-06-03 13:06:23.964,17.001,43.96,643,22.8,17,6,1.244632668666549,1.244632668666549
2025-06-03 13:04:25.716,15.0,42.15,645,22.8,15,6,1.2899999999999998,1.2899999999999998
2025-06-03 13:07:23.356,18.0,44.77,645,22.8,18,6,1.2205555555555556,1.2205555555555556
2025-06-03 13:07:24.618,18.002,44.72,645,22.8,18,6,1.2176424841684257,1.2176424841684257
2025-06-03 13:04:23.120,15.002,42.13,645,22.8,15,6,1.28849486735102,1.28849486735102
2025-06-03 13:04:27.062,15.001,42.08,645,22.8,15,6,1.285247650156656,1.285247650156656
2025-06-03 13:04:24.418,14.999,42.12,645,22.8,15,6,1.2880858723914923,1.2880858723914923
2025-06-03 13:05:23.166,16.004,43.17,646,22.8,16,6,1.2728067983004248,1.2728067983004248
2025-06-03 13:06:20.178,17.0,43.97,646,22.8,17,6,1.2452941176470589,1.2452941176470589
2025-06-03 13:06:18.905,17.0,43.89,646,22.8,17,6,1.2405882352941175,1.2405882352941175
2025-06-03 13:05:21.890,16.001,43.14,646,22.8,16,6,1.27117055184051,1.27117055184051
2025-06-03 13:04:15.274,15.0,42.02,648,22.8,15,6,1.2813333333333334,1.2813333333333334
2025-06-03 13:04:28.383,15.001,42.11,648,22.8,15,6,1.287247516832211,1.287247516832211
2025-06-03 13:04:16.584,15.002,42.06,648,22.8,15,6,1.2838288228236236,1.2838288228236236
2025-06-03 13:04:29.692,15.0,42.21,648,22.8,15,6,1.294,1.294
2025-06-03 13:05:20.631,16.005,43.15,652,22.8,16,6,1.2714776632302405,1.2714776632302405
2025-06-03 13:05:19.381,16.002,43.07,652,22.8,16,6,1.2667166604174478,1.2667166604174478
2025-06-03 13:07:25.886,17.998,44.84,654,22.8,18,6,1.2245805089454385,1.2245805089454385
2025-06-03 13:06:26.486,17.0,43.94,654,22.8,17,6,1.2435294117647058,1.2435294117647058
2025-06-03 13:06:27.754,17.0,44.06,654,22.8,17,6,1.2505882352941178,1.2505882352941178
2025-06-03 13:07:27.164,18.0,44.85,654,22.8,18,6,1.225,1.225
2025-06-03 13:07:49.858,18.001,44.93,655,22.8,18,6,1.2293761457696792,1.2293761457696792
2025-06-03 13:07:48.587,17.999,44.91,655,22.8,18,6,1.228401577865437,1.228401577865437
2025-06-03 13:06:31.587,17.0,44.08,657,22.8,17,6,1.251764705882353,1.251764705882353
2025-06-03 13:06:32.871,17.0,44.0,657,22.8,17,6,1.2470588235294118,1.2470588235294118
2025-06-03 13:07:41.034,17.998,44.99,658,22.8,18,6,1.2329147683075898,1.2329147683075898
2025-06-03 13:07:42.303,18.001,44.75,658,22.8,18,6,1.2193767012943724,1.2193767012943724
2025-06-03 13:07:38.480,18.001,44.78,659,22.8,18,6,1.2210432753735905,1.2210432753735905
2025-06-03 13:07:39.753,18.001,44.94,659,22.8,18,6,1.229931670462752,1.229931670462752
2025-06-03 13:07:47.336,18.0,44.89,660,22.8,18,6,1.2272222222222222,1.2272222222222222
2025-06-03 13:07:46.076,18.001,44.76,660,22.8,18,6,1.219932225987445,1.219932225987445
2025-06-03 13:07:43.565,18.0,44.88,661,22.8,18,6,1.2266666666666668,1.2266666666666668
2025-06-03 13:07:44.827,17.998,44.94,661,22.8,18,6,1.230136681853539,1.230136681853539
2025-06-03 13:07:29.693,18.001,44.79,662,22.8,18,6,1.2215988000666629,1.2215988000666629
2025-06-03 13:06:29.041,17.0,44.08,662,22.8,17,6,1.251764705882353,1.251764705882353
2025-06-03 13:06:30.307,17.0,44.08,662,22.8,17,6,1.251764705882353,1.251764705882353
2025-06-03 13:05:18.120,15.997,42.98,662,22.8,16,6,1.2614865287241357,1.2614865287241357
2025-06-03 13:07:28.435,18.002,44.82,662,22.8,18,6,1.2231974225086102,1.2231974225086102
2025-06-03 13:05:16.842,16.001,43.13,662,22.8,16,6,1.2705455909005687,1.2705455909005687
2025-06-03 13:06:39.175,17.0,44.01,663,22.8,17,6,1.247647058823529,1.247647058823529
2025-06-03 13:06:40.480,17.0,44.01,663,22.8,17,6,1.247647058823529,1.247647058823529
2025-06-03 13:06:34.137,17.0,43.99,664,22.8,17,6,1.2464705882352942,1.2464705882352942
2025-06-03 13:06:46.818,17.0,44.13,664,22.8,17,6,1.2547058823529411,1.2547058823529411
2025-06-03 13:06:37.935,16.999,44.04,664,22.8,17,6,1.2494852638390497,1.2494852638390497
2025-06-03 13:06:36.662,16.999,44.03,664,22.8,17,6,1.24889699394082,1.24889699394082
2025-06-03 13:06:35.398,16.999,43.96,664,22.8,17,6,1.244779104653215,1.244779104653215
2025-06-03 13:07:37.224,17.999,44.94,665,22.8,18,6,1.2300683371298404,1.2300683371298404
2025-06-03 13:07:35.959,18.0,44.9,665,22.8,18,6,1.2277777777777776,1.2277777777777776
2025-06-03 13:07:30.945,17.999,44.76,665,22.8,18,6,1.220067781543419,1.220067781543419
2025-06-03 13:07:32.199,18.001,44.84,665,22.8,18,6,1.224376423532026,1.224376423532026
2025-06-03 13:06:43.012,17.001,44.08,671,22.8,17,6,1.2516910769954706,1.2516910769954706
2025-06-03 13:06:41.752,17.0,44.07,671,22.8,17,6,1.2511764705882351,1.2511764705882351
2025-06-03 13:07:34.699,18.0,44.87,671,22.8,18,6,1.226111111111111,1.226111111111111
2025-06-03 13:07:33.435,18.0,44.86,671,22.8,18,6,1.2255555555555555,1.2255555555555555
2025-06-03 13:08:23.788,19.0,45.59,675,22.8,19,6,1.1994736842105265,1.1994736842105265
2025-06-03 13:08:25.047,18.998,45.63,675,22.8,19,6,1.2017054426781766,1.2017054426781766
2025-06-03 13:06:45.547,16.999,44.13,676,22.8,17,6,1.2547796929231134,1.2547796929231134
2025-06-03 13:06:44.275,17.0,44.11,676,22.8,17,6,1.2535294117647058,1.2535294117647058
2025-06-03 13:08:26.335,19.001,45.59,677,22.8,19,6,1.1994105573390874,1.1994105573390874
2025-06-03 13:08:27.586,19.001,45.48,677,22.8,19,6,1.1936213883479814,1.1936213883479814
2025-06-03 13:10:57.115,20.986,48.01,687,22.8,21,6,1.2012770418374152,1.2012770418374152
2025-06-03 13:10:58.372,20.986,48.04,687,22.8,21,6,1.2027065662822831,1.2027065662822831
2025-06-03 13:12:43.645,22.95,51.22,687,22.8,23,6,1.2383442265795206,1.2383442265795206
2025-06-03 13:12:44.853,22.959,51.64,687,22.8,23,6,1.2561522714403937,1.2561522714403937
2025-06-03 13:12:46.061,22.961,51.31,688,22.8,23,6,1.241670658943426,1.241670658943426
2025-06-03 13:12:47.260,22.954,51.27,688,22.8,23,6,1.2403067003572363,1.2403067003572363
2025-06-03 13:08:28.843,18.999,45.67,688,22.8,19,6,1.2037475656613508,1.2037475656613508
2025-06-03 13:08:30.108,19.001,45.7,688,22.8,19,6,1.2051997263301932,1.2051997263301932
2025-06-03 13:13:00.422,22.934,51.58,688,22.8,23,6,1.2549053806575388,1.2549053806575388
2025-06-03 13:13:01.631,22.937,51.6,688,22.8,23,6,1.2556132013776866,1.2556132013776866
2025-06-03 13:12:58.029,22.92,51.69,689,22.8,23,6,1.2604712041884814,1.2604712041884814
2025-06-03 13:12:59.224,22.932,51.69,689,22.8,23,6,1.259811616954474,1.259811616954474
2025-06-03 13:12:50.866,22.953,51.37,690,22.8,23,6,1.2447174661264322,1.2447174661264322
2025-06-03 13:12:52.064,22.955,51.57,690,22.8,23,6,1.2533217164016557,1.2533217164016557
2025-06-03 13:10:53.377,20.988,48.04,690,22.8,21,6,1.2025919573089383,1.2025919573089383
2025-06-03 13:10:52.130,20.987,48.06,690,22.8,21,6,1.2036022299518752,1.2036022299518752
2025-06-03 13:12:49.676,22.95,51.26,691,22.8,23,6,1.2400871459694989,1.2400871459694989
2025-06-03 13:12:48.459,22.956,51.51,691,22.8,23,6,1.250653423941453,1.250653423941453
2025-06-03 13:12:41.213,22.952,51.37,691,22.8,23,6,1.2447716974555592,1.2447716974555592
2025-06-03 13:12:42.438,22.945,51.1,691,22.8,23,6,1.233384179559817,1.233384179559817
2025-06-03 13:10:55.864,20.987,48.01,691,22.8,21,6,1.2012198027350265,1.2012198027350265
2025-06-03 13:10:54.622,20.987,47.99,691,22.8,21,6,1.2002668318482872,1.2002668318482872
2025-06-03 13:12:56.834,22.922,51.69,692,22.8,23,6,1.2603612250239942,1.2603612250239942
2025-06-03 13:12:55.651,22.918,51.57,692,22.8,23,6,1.255345143555284,1.255345143555284
2025-06-03 13:08:31.388,19.001,45.66,692,22.8,19,6,1.2030945739697907,1.2030945739697907
2025-06-03 13:08:32.657,18.999,45.72,692,22.8,19,6,1.2063792831201643,1.2063792831201643
2025-06-03 13:08:33.922,19.0,45.7,693,22.8,19,6,1.205263157894737,1.205263157894737
2025-06-03 13:08:35.190,19.0,45.59,693,22.8,19,6,1.1994736842105265,1.1994736842105265
2025-06-03 13:12:39.992,22.947,51.27,693,22.8,23,6,1.2406850568701793,1.2406850568701793
2025-06-03 13:13:02.825,22.936,51.5,693,22.8,23,6,1.2513079874433206,1.2513079874433206
2025-06-03 13:12:38.794,22.944,51.22,693,22.8,23,6,1.2386680613668062,1.2386680613668062
2025-06-03 13:09:50.819,20.0,46.66,694,22.8,20,6,1.1929999999999998,1.1929999999999998
2025-06-03 13:09:53.352,20.0,46.87,694,22.8,20,6,1.2034999999999998,1.2034999999999998
2025-06-03 13:09:52.084,19.998,46.67,694,22.8,20,6,1.1936193619361937,1.1936193619361937
2025-06-03 13:09:49.545,20.002,46.68,694,22.8,20,6,1.193880611938806,1.193880611938806
2025-06-03 13:08:37.731,19.001,45.77,695,22.8,19,6,1.2088837429608967,1.2088837429608967
2025-06-03 13:12:53.263,22.939,51.46,695,22.8,23,6,1.2494005841579845,1.2494005841579845
2025-06-03 13:09:44.491,19.996,46.75,695,22.8,20,6,1.197739547909582,1.197739547909582
2025-06-03 13:08:36.477,19.001,45.73,695,22.8,19,6,1.2067785906004944,1.2067785906004944
2025-06-03 13:12:54.461,22.919,51.4,695,22.8,23,6,1.2478729438457177,1.2478729438457177
2025-06-03 13:09:45.740,20.0,46.71,695,22.8,20,6,1.1955,1.1955
2025-06-03 13:09:54.619,20.0,46.75,695,22.8,20,6,1.1975,1.1975
2025-06-03 13:10:49.627,20.99,48.01,695,22.8,21,6,1.2010481181515007,1.2010481181515007
2025-06-03 13:10:50.897,20.987,48.11,695,22.8,21,6,1.2059846571687236,1.2059846571687236
2025-06-03 13:09:55.908,20.0,46.84,695,22.8,20,6,1.2020000000000002,1.2020000000000002
2025-06-03 13:12:37.586,22.936,51.25,696,22.8,23,6,1.240408092082316,1.240408092082316
2025-06-03 13:12:35.219,22.937,51.14,696,22.8,23,6,1.2355582683001265,1.2355582683001265
2025-06-03 13:12:34.021,22.929,51.13,696,22.8,23,6,1.2355532295346503,1.2355532295346503
2025-06-03 13:12:36.388,22.94,51.19,696,22.8,23,6,1.2375762859633823,1.2375762859633823
2025-06-03 13:10:44.677,20.988,47.82,697,22.8,21,6,1.1921097770154374,1.1921097770154374
2025-06-03 13:09:47.011,20.0,46.71,697,22.8,20,6,1.1955,1.1955
2025-06-03 13:09:48.273,19.998,46.6,697,22.8,20,6,1.1901190119011902,1.1901190119011902
2025-06-03 13:10:45.913,20.989,48.01,697,22.8,21,6,1.2011053408928485,1.2011053408928485
2025-06-03 13:10:29.753,20.989,47.71,698,22.8,21,6,1.1868121396922198,1.1868121396922198
2025-06-03 13:09:41.983,19.998,46.71,698,22.8,20,6,1.1956195619561956,1.1956195619561956
2025-06-03 13:09:43.243,20.001,46.67,698,22.8,20,6,1.1934403279836008,1.1934403279836008
2025-06-03 13:08:38.995,18.999,45.82,698,22.8,19,6,1.2116427180377916,1.2116427180377916
2025-06-03 13:08:40.260,18.999,45.73,698,22.8,19,6,1.206905626611927,1.206905626611927
2025-06-03 13:10:47.143,20.988,48.08,698,22.8,21,6,1.204497808271393,1.204497808271393
2025-06-03 13:10:48.390,20.989,48.02,698,22.8,21,6,1.2015817809328695,1.2015817809328695
2025-06-03 13:10:30.976,20.989,47.72,698,22.8,21,6,1.1872885797322406,1.1872885797322406
2025-06-03 13:08:45.312,19.001,45.66,699,22.8,19,6,1.2030945739697907,1.2030945739697907
2025-06-03 13:08:41.497,19.0,45.61,699,22.8,19,6,1.2005263157894737,1.2005263157894737
2025-06-03 13:08:42.794,18.998,45.67,699,22.8,19,6,1.2038109274660491,1.2038109274660491
2025-06-03 13:08:44.047,18.999,45.73,699,22.8,19,6,1.206905626611927,1.206905626611927
2025-06-03 13:09:38.170,20.0,46.71,699,22.8,20,6,1.1955,1.1955
2025-06-03 13:09:36.908,19.999,46.61,699,22.8,20,6,1.1905595279763987,1.1905595279763987
2025-06-03 13:10:34.704,20.989,47.83,700,22.8,21,6,1.1925294201724712,1.1925294201724712
2025-06-03 13:10:35.949,20.987,47.89,700,22.8,21,6,1.19550197741459,1.19550197741459
2025-06-03 13:10:42.188,20.987,47.9,700,22.8,21,6,1.1959784628579595,1.1959784628579595
2025-06-03 13:10:43.437,20.987,48.04,700,22.8,21,6,1.2026492590651356,1.2026492590651356
2025-06-03 13:10:40.934,20.988,47.71,701,22.8,21,6,1.1868686868686869,1.1868686868686869
2025-06-03 13:10:39.692,20.989,47.89,701,22.8,21,6,1.195388060412597,1.195388060412597
2025-06-03 13:08:49.126,19.0,45.8,701,22.8,19,6,1.2105263157894737,1.2105263157894737
2025-06-03 13:08:50.397,19.0,45.8,701,22.8,19,6,1.2105263157894737,1.2105263157894737
2025-06-03 13:08:51.665,18.999,45.81,702,22.8,19,6,1.211116374546029,1.211116374546029
2025-06-03 13:08:52.926,19.001,45.82,702,22.8,19,6,1.2115151834113993,1.2115151834113993
2025-06-03 13:10:38.449,20.989,47.82,702,22.8,21,6,1.1920529801324502,1.1920529801324502
2025-06-03 13:10:37.196,20.988,47.81,702,22.8,21,6,1.191633314274824,1.191633314274824
2025-06-03 13:08:47.859,18.999,45.75,703,22.8,19,6,1.2079583135954524,1.2079583135954524
2025-06-03 13:08:46.575,19.0,45.7,703,22.8,19,6,1.205263157894737,1.205263157894737
2025-06-03 13:09:34.367,20.0,46.64,703,22.8,20,6,1.192,1.192
2025-06-03 13:09:35.638,20.001,46.78,703,22.8,20,6,1.1989400529973502,1.1989400529973502
2025-06-03 13:09:29.327,19.996,46.6,704,22.8,20,6,1.190238047609522,1.190238047609522
2025-06-03 13:09:30.566,19.998,46.82,704,22.8,20,6,1.201120112011201,1.201120112011201
2025-06-03 13:09:39.449,20.001,46.71,705,22.8,20,6,1.1954402279886005,1.1954402279886005
2025-06-03 13:10:32.206,20.988,47.61,705,22.8,21,6,1.18210405946255,1.18210405946255
2025-06-03 13:10:33.453,20.989,47.72,705,22.8,21,6,1.1872885797322406,1.1872885797322406
2025-06-03 13:09:40.723,19.999,46.58,705,22.8,20,6,1.1890594529726486,1.1890594529726486
2025-06-03 13:09:31.816,20.002,46.76,706,22.8,20,6,1.197880211978802,1.197880211978802
2025-06-03 13:09:33.076,20.002,46.69,706,22.8,20,6,1.1943805619438057,1.1943805619438057
2025-06-03 13:09:26.819,20.0,46.47,710,22.8,20,6,1.1835,1.1835
2025-06-03 13:09:28.079,20.0,46.44,710,22.8,20,6,1.182,1.182
2025-06-03 13:13:57.821,23.958,51.99,821,22.8,24,6,1.218382168795392,1.218382168795392
2025-06-03 13:13:59.005,23.954,52.08,821,22.8,24,6,1.222342823745512,1.222342823745512
2025-06-03 13:14:04.945,23.961,51.97,822,22.8,24,6,1.217394933433496,1.217394933433496
2025-06-03 13:14:01.384,23.958,51.93,823,22.8,24,6,1.21587778612572,1.21587778612572
2025-06-03 13:14:00.193,23.955,52.45,823,22.8,24,6,1.2377374243372994,1.2377374243372994
2025-06-03 13:14:03.754,23.957,52.23,824,22.8,24,6,1.2284509746629375,1.2284509746629375
2025-06-03 13:14:02.563,23.955,51.92,824,22.8,24,6,1.2156126069714048,1.2156126069714048
2025-06-03 13:13:53.073,23.952,52.56,824,22.8,24,6,1.2424849699398797,1.2424849699398797
2025-06-03 13:13:54.257,23.951,52.16,824,22.8,24,6,1.2258360820007512,1.2258360820007512
2025-06-03 13:13:48.302,23.935,52.44,825,22.8,24,6,1.2383538750783372,1.2383538750783372
2025-06-03 13:13:49.500,23.941,52.34,825,22.8,24,6,1.2338665886972142,1.2338665886972142
2025-06-03 13:13:44.763,23.919,52.36,825,22.8,24,6,1.2358376186295412,1.2358376186295412
2025-06-03 13:13:43.583,23.925,52.16,825,22.8,24,6,1.2271682340647856,1.2271682340647856
2025-06-03 13:13:50.699,23.946,52.21,825,22.8,24,6,1.2281800718282805,1.2281800718282805
2025-06-03 13:13:51.886,23.942,52.3,825,22.8,24,6,1.2321443488430373,1.2321443488430373
2025-06-03 13:13:47.118,23.928,52.18,826,22.8,24,6,1.2278502173186223,1.2278502173186223
2025-06-03 13:13:45.926,23.925,52.46,826,22.8,24,6,1.2397074190177635,1.2397074190177635
2025-06-03 13:13:41.210,23.95,52.29,826,22.8,24,6,1.2313152400835072,1.2313152400835072
2025-06-03 13:13:42.397,23.954,52.38,826,22.8,24,6,1.234866828087167,1.234866828087167
2025-06-03 13:13:38.830,23.964,52.14,827,22.8,24,6,1.2243365047571355,1.2243365047571355
2025-06-03 13:13:40.014,23.956,52.3,827,22.8,24,6,1.2314242778427116,1.2314242778427116
2025-06-03 13:13:55.447,23.956,52.31,827,22.8,24,6,1.2318417098013026,1.2318417098013026
2025-06-03 13:13:56.638,23.958,52.53,827,22.8,24,6,1.2409216128224394,1.2409216128224394
2025-06-03 13:13:37.649,23.959,52.39,831,22.8,24,6,1.2350265036103345,1.2350265036103345
2025-06-03 13:13:36.464,23.96,52.07,831,22.8,24,6,1.2216193656093488,1.2216193656093488
2025-06-03 13:14:58.476,24.978,52.91,840,22.8,25,6,1.2054608055088476,1.2054608055088476
2025-06-03 13:14:57.298,24.978,53.11,840,22.8,25,6,1.2134678517095043,1.2134678517095043
2025-06-03 13:15:03.142,24.95,52.9,844,22.8,25,6,1.2064128256513025,1.2064128256513025
2025-06-03 13:15:01.976,24.958,53.09,844,22.8,25,6,1.2136389133744694,1.2136389133744694
2025-06-03 13:14:52.608,24.975,53.08,844,22.8,25,6,1.2124124124124125,1.2124124124124125
2025-06-03 13:14:53.784,24.978,52.86,844,22.8,25,6,1.2034590439586834,1.2034590439586834
2025-06-03 13:14:45.535,24.97,52.98,845,22.8,25,6,1.2086503804565478,1.2086503804565478
2025-06-03 13:14:46.705,24.975,52.49,845,22.8,25,6,1.188788788788789,1.188788788788789
2025-06-03 13:14:43.171,24.964,52.89,845,22.8,25,6,1.2053356833840732,1.2053356833840732
2025-06-03 13:14:44.362,24.964,52.73,845,22.8,25,6,1.198926454093895,1.198926454093895
2025-06-03 13:14:50.253,24.979,52.7,846,22.8,25,6,1.19700548460707,1.19700548460707
2025-06-03 13:14:51.432,24.977,52.74,846,22.8,25,6,1.1987028065820555,1.1987028065820555
2025-06-03 13:15:04.299,24.951,53.12,847,22.8,25,6,1.215181756242235,1.215181756242235
2025-06-03 13:15:05.471,24.959,53.04,847,22.8,25,6,1.2115870026844024,1.2115870026844024
2025-06-03 13:15:06.636,24.96,52.8,847,22.8,25,6,1.2019230769230766,1.2019230769230766
2025-06-03 13:14:40.843,24.957,52.96,847,22.8,25,6,1.2084785831630405,1.2084785831630405
2025-06-03 13:14:41.997,24.961,53.04,847,22.8,25,6,1.2114899242818795,1.2114899242818795
2025-06-03 13:14:38.516,24.956,52.97,850,22.8,25,6,1.208927712774483,1.208927712774483
2025-06-03 13:14:39.684,24.954,52.69,850,22.8,25,6,1.1978039592850844,1.1978039592850844
2025-06-03 13:15:00.806,24.941,53.19,850,22.8,25,6,1.2184756024217152,1.2184756024217152
2025-06-03 13:14:59.632,24.944,52.77,850,22.8,25,6,1.2014913406029508,1.2014913406029508
2025-06-03 13:14:54.946,24.976,52.92,851,22.8,25,6,1.2059577194106343,1.2059577194106343
2025-06-03 13:14:56.125,24.977,52.92,851,22.8,25,6,1.205909436681747,1.205909436681747
2025-06-03 13:14:49.066,24.978,52.69,851,22.8,25,6,1.196653054688125,1.196653054688125
2025-06-03 13:14:47.882,24.975,52.84,851,22.8,25,6,1.2028028028028028,1.2028028028028028
2025-06-03 13:15:42.514,26.0,53.79,894,22.8,26,6,1.1919230769230769,1.1919230769230769
2025-06-03 13:15:43.674,25.996,53.91,894,22.8,26,6,1.1967225727034927,1.1967225727034927
2025-06-03 13:15:41.345,25.992,53.99,898,22.8,26,6,1.1999846106494303,1.1999846106494303
2025-06-03 13:15:40.170,25.991,53.8,898,22.8,26,6,1.1927205571159247,1.1927205571159247
2025-06-03 13:15:52.953,25.995,54.06,900,22.8,26,6,1.202538949798038,1.202538949798038
2025-06-03 13:15:47.137,25.997,53.83,900,22.8,26,6,1.1935992614532445,1.1935992614532445
2025-06-03 13:15:51.782,25.993,53.89,900,22.8,26,6,1.1960912553379757,1.1960912553379757
2025-06-03 13:15:48.295,25.993,54.01,900,22.8,26,6,1.2007078828915476,1.2007078828915476
2025-06-03 13:15:55.279,25.996,53.97,906,22.8,26,6,1.1990306200953993,1.1990306200953993
2025-06-03 13:15:54.112,25.995,53.92,906,22.8,26,6,1.1971532987112907,1.1971532987112907
2025-06-03 13:15:50.616,25.996,53.89,907,22.8,26,6,1.1959532235728574,1.1959532235728574
2025-06-03 13:15:49.455,25.999,53.88,907,22.8,26,6,1.195430593484365,1.195430593484365
2025-06-03 13:15:57.628,25.996,54.05,907,22.8,26,6,1.2021080166179412,1.2021080166179412
2025-06-03 13:15:56.443,25.994,53.97,907,22.8,26,6,1.1991228745095022,1.1991228745095022
2025-06-03 13:15:45.987,25.999,53.86,910,22.8,26,6,1.1946613331281972,1.1946613331281972
2025-06-03 13:15:44.829,25.991,54.0,910,22.8,26,6,1.2004155284521565,1.2004155284521565
2025-06-03 13:15:59.957,25.996,54.09,912,22.8,26,6,1.2036467148792125,1.2036467148792125
2025-06-03 13:15:58.787,25.999,53.87,912,22.8,26,6,1.1950459633062809,1.1950459633062809
2025-06-03 13:16:01.114,25.993,54.23,917,22.8,26,6,1.2091717000730966,1.2091717000730966
2025-06-03 13:16:06.951,25.993,54.05,917,22.8,26,6,1.2022467587427383,1.2022467587427383
2025-06-03 13:16:05.781,26.0,54.04,917,22.8,26,6,1.2015384615384614,1.2015384615384614
2025-06-03 13:16:02.280,25.998,54.08,917,22.8,26,6,1.2031694745749673,1.2031694745749673
2025-06-03 13:16:04.610,25.994,54.2,918,22.8,26,6,1.20797107024698,1.20797107024698
2025-06-03 13:16:03.441,25.997,54.26,918,22.8,26,6,1.2101396314959418,1.2101396314959418
2025-06-03 13:16:08.114,25.991,54.24,920,22.8,26,6,1.2096494940556346,1.2096494940556346
2025-06-03 13:18:10.834,27.998,55.0,955,22.8,28,6,1.1500821487249089,1.1500821487249089
2025-06-03 13:18:09.671,28.009,54.56,955,22.8,28,6,1.1339212396015568,1.1339212396015568
2025-06-03 13:18:07.347,28.001,55.18,955,22.8,28,6,1.1563872718831467,1.1563872718831467
2025-06-03 13:18:08.505,28.007,55.1,955,22.8,28,6,1.1532831077944798,1.1532831077944798
2025-06-03 13:18:11.996,28.007,54.76,956,22.8,28,6,1.1411432856071697,1.1411432856071697
2025-06-03 13:17:54.622,27.995,54.99,960,22.8,28,6,1.1498481871762811,1.1498481871762811
2025-06-03 13:17:53.466,28.006,54.9,960,22.8,28,6,1.1461829607941154,1.1461829607941154
2025-06-03 13:17:08.295,27.003,54.32,964,22.8,27,6,1.167277709884087,1.167277709884087
2025-06-03 13:17:07.126,27.0,54.47,964,22.8,27,6,1.172962962962963,1.172962962962963
2025-06-03 13:17:52.312,28.001,54.77,966,22.8,28,6,1.141744937680797,1.141744937680797
2025-06-03 13:17:51.154,27.991,55.09,966,22.8,28,6,1.153585080918867,1.153585080918867
2025-06-03 13:17:46.498,28.002,55.04,967,22.8,28,6,1.151346332404828,1.151346332404828
2025-06-03 13:17:47.660,27.993,55.14,967,22.8,28,6,1.1552888222055515,1.1552888222055515
2025-06-03 13:16:54.373,27.003,54.24,968,22.8,27,6,1.1643150761026553,1.1643150761026553
2025-06-03 13:16:53.225,27.003,54.28,968,22.8,27,6,1.165796392993371,1.165796392993371
2025-06-03 13:17:48.826,28.003,55.11,969,22.8,28,6,1.1538049494696998,1.1538049494696998
2025-06-03 13:17:49.993,28.001,54.81,969,22.8,28,6,1.1431734580907826,1.1431734580907826
2025-06-03 13:16:42.822,26.996,54.53,969,22.8,27,6,1.1753593124907395,1.1753593124907395
2025-06-03 13:16:41.664,27.008,54.08,969,22.8,27,6,1.158175355450237,1.158175355450237
2025-06-03 13:17:59.258,27.994,55.04,969,22.8,28,6,1.151675359005501,1.151675359005501
2025-06-03 13:17:58.102,28.005,54.93,969,22.8,28,6,1.14729512587038,1.14729512587038
2025-06-03 13:17:10.616,26.999,54.36,970,22.8,27,6,1.1689321826734325,1.1689321826734325
2025-06-03 13:17:09.455,26.995,54.34,970,22.8,27,6,1.1683645119466568,1.1683645119466568
2025-06-03 13:16:50.922,26.994,54.61,971,22.8,27,6,1.1784100170408238,1.1784100170408238
2025-06-03 13:17:45.340,28.002,54.78,971,22.8,28,6,1.1420612813370474,1.1420612813370474
2025-06-03 13:17:44.174,27.997,55.11,971,22.8,28,6,1.1540522198807015,1.1540522198807015
2025-06-03 13:16:52.078,27.001,54.28,971,22.8,27,6,1.1658827450835154,1.1658827450835154
2025-06-03 13:16:55.522,26.992,54.42,975,22.8,27,6,1.1714582098399526,1.1714582098399526
2025-06-03 13:16:56.673,27.002,54.31,975,22.8,27,6,1.1669505962521296,1.1669505962521296
2025-06-03 13:17:56.950,28.005,54.9,976,22.8,28,6,1.1462238885913227,1.1462238885913227
2025-06-03 13:17:55.772,28.003,54.99,976,22.8,28,6,1.1495196943184658,1.1495196943184658
2025-06-03 13:16:57.828,27.003,54.37,978,22.8,27,6,1.1691293559974816,1.1691293559974816
2025-06-03 13:18:01.573,28.007,54.91,978,22.8,28,6,1.1464990895133358,1.1464990895133358
2025-06-03 13:16:58.995,26.991,54.79,978,22.8,27,6,1.185209884776407,1.185209884776407
2025-06-03 13:18:00.410,28.001,54.88,978,22.8,28,6,1.1456733688082568,1.1456733688082568
2025-06-03 13:18:06.187,28.011,54.65,983,22.8,28,6,1.1370533004890937,1.1370533004890937
2025-06-03 13:18:05.036,28.014,55.06,983,22.8,28,6,1.1515670736060544,1.1515670736060544
2025-06-03 13:16:48.614,27.003,54.52,985,22.8,27,6,1.1746842943376663,1.1746842943376663
2025-06-03 13:16:49.770,27.003,54.35,985,22.8,27,6,1.1683886975521238,1.1683886975521238
2025-06-03 13:18:03.881,28.007,55.21,989,22.8,28,6,1.1572106973256684,1.1572106973256684
2025-06-03 13:18:02.724,28.0,55.32,989,22.8,28,6,1.1614285714285713,1.1614285714285713
2025-06-03 13:17:05.961,26.993,54.59,992,22.8,27,6,1.1777127403400884,1.1777127403400884
2025-06-03 13:17:04.795,27.006,54.24,992,22.8,27,6,1.1641857365029993,1.1641857365029993
2025-06-03 13:16:45.139,27.003,54.64,992,22.8,27,6,1.1791282450098135,1.1791282450098135
2025-06-03 13:16:43.976,27.002,54.34,992,22.8,27,6,1.16806162506481,1.16806162506481
2025-06-03 13:16:47.454,26.998,54.45,994,22.8,27,6,1.1723090599303652,1.1723090599303652
2025-06-03 13:16:46.297,26.999,54.34,994,22.8,27,6,1.1681914144968333,1.1681914144968333
2025-06-03 13:17:00.154,27.003,54.48,995,22.8,27,6,1.17320297744695,1.17320297744695
2025-06-03 13:17:01.313,27.008,54.31,995,22.8,27,6,1.1666913507109005,1.1666913507109005
2025-06-03 13:17:02.469,26.993,54.64,1009,22.8,27,6,1.1795650724261846,1.1795650724261846
2025-06-03 13:17:03.633,27.003,54.52,1009,22.8,27,6,1.1746842943376663,1.1746842943376663
2025-06-03 13:18:51.286,28.987,55.66,1018,22.8,29,6,1.1336116190016214,1.1336116190016214
2025-06-03 13:18:50.128,29.003,55.45,1018,22.8,29,6,1.1257456125228429,1.1257456125228429
2025-06-03 13:18:45.499,29.004,55.52,1021,22.8,29,6,1.1281202592745827,1.1281202592745827
2025-06-03 13:18:59.370,28.997,55.47,1021,22.8,29,6,1.126668276028555,1.126668276028555
2025-06-03 13:18:48.974,29.001,55.62,1021,22.8,29,6,1.1316851143064028,1.1316851143064028
2025-06-03 13:18:47.812,28.989,55.72,1021,22.8,29,6,1.1356031598192418,1.1356031598192418
2025-06-03 13:18:46.656,29.0,55.46,1021,22.8,29,6,1.126206896551724,1.126206896551724
2025-06-03 13:19:00.538,28.998,55.62,1021,22.8,29,6,1.1318021932547069,1.1318021932547069
2025-06-03 13:18:58.214,29.005,55.5,1023,22.8,29,6,1.127391828995001,1.127391828995001
2025-06-03 13:18:57.045,28.999,55.7,1023,22.8,29,6,1.13452188006483,1.13452188006483
2025-06-03 13:18:52.435,29.001,55.44,1025,22.8,29,6,1.1254784317782145,1.1254784317782145
2025-06-03 13:18:53.582,29.005,55.34,1025,22.8,29,6,1.1218755387002244,1.1218755387002244
2025-06-03 13:19:05.174,29.008,55.65,1027,22.8,29,6,1.1324462217319358,1.1324462217319358
2025-06-03 13:19:04.012,28.997,55.71,1027,22.8,29,6,1.134944994309756,1.134944994309756
2025-06-03 13:19:02.854,29.004,55.37,1028,22.8,29,6,1.122948558819473,1.122948558819473
2025-06-03 13:19:01.695,29.003,55.46,1028,22.8,29,6,1.1260904044409197,1.1260904044409197
2025-06-03 13:18:55.882,28.999,55.34,1030,22.8,29,6,1.1221076588847894,1.1221076588847894
2025-06-03 13:18:54.725,28.989,55.34,1030,22.8,29,6,1.1224947393839044,1.1224947393839044
2025-06-03 13:19:07.494,28.994,55.67,1031,22.8,29,6,1.1336828309305376,1.1336828309305376
2025-06-03 13:19:06.335,29.009,55.32,1031,22.8,29,6,1.1210314040470195,1.1210314040470195
2025-06-03 13:19:13.275,29.003,55.36,1034,22.8,29,6,1.1226424852601455,1.1226424852601455
2025-06-03 13:19:09.807,29.004,55.49,1040,22.8,29,6,1.1270859191835607,1.1270859191835607
2025-06-03 13:19:08.649,29.004,55.6,1040,22.8,29,6,1.1308784995173078,1.1308784995173078
2025-06-03 13:19:10.959,28.989,55.77,1041,22.8,29,6,1.137327951981786,1.137327951981786
2025-06-03 13:19:12.123,29.004,55.34,1041,22.8,29,6,1.1219142187284514,1.1219142187284514
2025-06-03 13:21:06.607,31.004,56.34,1078,22.8,31,6,1.081795897303574,1.081795897303574
2025-06-03 13:21:05.434,30.995,56.53,1078,22.8,31,6,1.088240038715922,1.088240038715922
2025-06-03 13:20:52.737,30.988,56.36,1080,22.8,31,6,1.0829998709177746,1.0829998709177746
2025-06-03 13:20:51.581,30.999,56.11,1080,22.8,31,6,1.074550791961031,1.074550791961031
2025-06-03 13:21:08.916,30.996,56.5,1080,22.8,31,6,1.087237062846819,1.087237062846819
2025-06-03 13:21:07.761,31.006,56.45,1080,22.8,31,6,1.0852738179707155,1.0852738179707155
2025-06-03 13:21:10.079,31.005,56.32,1081,22.8,31,6,1.0811159490404771,1.0811159490404771
2025-06-03 13:21:11.235,31.007,56.24,1081,22.8,31,6,1.0784661528042054,1.0784661528042054
2025-06-03 13:20:12.306,30.003,55.6,1082,22.8,30,6,1.09322401093224,1.09322401093224
2025-06-03 13:20:13.463,30.006,55.58,1082,22.8,30,6,1.0924481770312604,1.0924481770312604
2025-06-03 13:20:55.043,31.0,56.24,1082,22.8,31,6,1.0787096774193548,1.0787096774193548
2025-06-03 13:20:53.891,31.002,56.01,1082,22.8,31,6,1.0712212115347397,1.0712212115347397
2025-06-03 13:19:49.168,30.0,55.75,1082,22.8,30,6,1.0983333333333334,1.0983333333333334
2025-06-03 13:19:50.326,30.002,55.72,1082,22.8,30,6,1.09726018265449,1.09726018265449
2025-06-03 13:20:06.552,30.01,55.87,1082,22.8,30,6,1.1019660113295566,1.1019660113295566
2025-06-03 13:20:05.388,30.008,56.02,1082,22.8,30,6,1.107038123167155,1.107038123167155
2025-06-03 13:20:07.698,29.996,55.91,1083,22.8,30,6,1.1038138418455794,1.1038138418455794
2025-06-03 13:20:08.850,30.007,55.78,1083,22.8,30,6,1.0990768820608523,1.0990768820608523
2025-06-03 13:20:49.277,30.99,56.21,1083,22.8,31,6,1.0780897063568893,1.0780897063568893
2025-06-03 13:20:50.432,31.003,56.11,1083,22.8,31,6,1.0744121536625488,1.0744121536625488
2025-06-03 13:20:03.059,30.003,55.62,1083,22.8,30,6,1.093890610938906,1.093890610938906
2025-06-03 13:20:04.233,29.998,56.17,1083,22.8,30,6,1.1124074938329225,1.1124074938329225
2025-06-03 13:21:13.548,31.002,56.3,1084,22.8,31,6,1.0805754467453712,1.0805754467453712
2025-06-03 13:21:12.389,30.991,56.54,1084,22.8,31,6,1.0887031718886129,1.0887031718886129
2025-06-03 13:19:51.495,29.99,55.78,1084,22.8,30,6,1.0996998999666558,1.0996998999666558
2025-06-03 13:19:52.655,29.999,55.97,1084,22.8,30,6,1.1057035234507815,1.1057035234507815
2025-06-03 13:19:46.854,30.004,55.68,1084,22.8,30,6,1.0958538861485134,1.0958538861485134
2025-06-03 13:19:48.012,29.986,56.08,1084,22.8,30,6,1.109851263923164,1.109851263923164
2025-06-03 13:21:04.280,31.0,56.17,1084,22.8,31,6,1.076451612903226,1.076451612903226
2025-06-03 13:21:03.118,31.003,56.23,1084,22.8,31,6,1.0782827468309517,1.0782827468309517
2025-06-03 13:20:14.623,29.988,55.9,1085,22.8,30,6,1.1037748432706411,1.1037748432706411
2025-06-03 13:20:15.782,30.0,55.69,1085,22.8,30,6,1.0963333333333334,1.0963333333333334
2025-06-03 13:20:59.640,30.996,56.06,1085,22.8,31,6,1.073041682797781,1.073041682797781
2025-06-03 13:20:58.491,31.002,56.3,1085,22.8,31,6,1.0805754467453712,1.0805754467453712
2025-06-03 13:21:14.703,31.004,56.38,1086,22.8,31,6,1.083086053412463,1.083086053412463
2025-06-03 13:21:15.870,30.989,56.56,1086,22.8,31,6,1.0894188260350448,1.0894188260350448
2025-06-03 13:21:00.805,30.996,56.3,1086,22.8,31,6,1.080784617369983,1.080784617369983
2025-06-03 13:21:01.960,30.998,56.32,1086,22.8,31,6,1.0813600877475964,1.0813600877475964
2025-06-03 13:20:57.344,31.0,56.3,1087,22.8,31,6,1.0806451612903225,1.0806451612903225
2025-06-03 13:20:56.198,30.992,56.45,1087,22.8,31,6,1.0857640681466187,1.0857640681466187
2025-06-03 13:20:01.907,30.005,55.75,1088,22.8,30,6,1.098150308281953,1.098150308281953
2025-06-03 13:20:00.743,29.996,55.88,1088,22.8,30,6,1.102813708494466,1.102813708494466
2025-06-03 13:20:09.999,30.007,55.56,1088,22.8,30,6,1.0917452594394643,1.0917452594394643
2025-06-03 13:20:11.148,29.992,55.93,1088,22.8,30,6,1.1046279007735391,1.1046279007735391
2025-06-03 13:19:54.973,29.99,55.79,1089,22.8,30,6,1.1000333444481494,1.1000333444481494
2025-06-03 13:19:53.818,30.003,55.83,1089,22.8,30,6,1.1008899110088992,1.1008899110088992
2025-06-03 13:19:59.596,29.996,55.79,1090,22.8,30,6,1.0998133084411257,1.0998133084411257
2025-06-03 13:19:56.124,29.997,55.94,1090,22.8,30,6,1.1047771443811047,1.1047771443811047
2025-06-03 13:19:57.283,30.003,55.82,1090,22.8,30,6,1.100556611005566,1.100556611005566
2025-06-03 13:19:58.440,29.996,55.82,1090,22.8,30,6,1.1008134417922388,1.1008134417922388
2025-06-03 13:21:17.024,31.001,56.21,1099,22.8,31,6,1.0777071707364276,1.0777071707364276
2025-06-03 13:23:02.219,33.004,57.71,1131,22.8,33,6,1.0577505756877954,1.0577505756877954
2025-06-03 13:23:01.068,32.988,57.03,1131,22.8,33,6,1.037650054565297,1.037650054565297
2025-06-03 13:22:13.739,32.006,56.93,1133,22.8,32,6,1.0663625570205586,1.0663625570205586
2025-06-03 13:23:03.380,33.004,57.0,1133,22.8,33,6,1.036238031753727,1.036238031753727
2025-06-03 13:23:04.529,33.003,56.93,1133,22.8,33,6,1.0341484107505376,1.0341484107505376
2025-06-03 13:22:14.889,32.006,56.45,1133,22.8,32,6,1.051365368993314,1.051365368993314
2025-06-03 13:22:17.208,32.0,56.77,1134,22.8,32,6,1.0615625,1.0615625
2025-06-03 13:22:16.049,31.986,57.2,1134,22.8,32,6,1.075470518351779,1.075470518351779
2025-06-03 13:22:56.477,33.003,56.76,1136,22.8,33,6,1.028997363876011,1.028997363876011
2025-06-03 13:22:57.637,32.99,57.5,1136,22.8,33,6,1.05183388905729,1.05183388905729
2025-06-03 13:22:53.018,33.002,56.46,1137,22.8,33,6,1.019938185564511,1.019938185564511
2025-06-03 13:22:51.861,33.006,57.51,1137,22.8,33,6,1.0516269769132882,1.0516269769132882
2025-06-03 13:23:20.768,32.994,57.28,1138,22.8,33,6,1.0450384918470026,1.0450384918470026
2025-06-03 13:23:05.686,32.985,57.48,1138,22.8,33,6,1.0513869940882217,1.0513869940882217
2025-06-03 13:23:06.847,33.003,56.92,1138,22.8,33,6,1.033845407993213,1.033845407993213
2025-06-03 13:23:14.964,33.004,57.05,1138,22.8,33,6,1.037752999636408,1.037752999636408
2025-06-03 13:23:19.604,33.003,57.07,1138,22.8,33,6,1.0383904493530889,1.0383904493530889
2025-06-03 13:23:16.128,33.001,56.61,1138,22.8,33,6,1.0245144086542834,1.0245144086542834
2025-06-03 13:22:18.362,32.002,56.52,1139,22.8,32,6,1.0536841447409535,1.0536841447409535
2025-06-03 13:23:17.288,32.998,57.26,1140,22.8,33,6,1.044305715497909,1.044305715497909
2025-06-03 13:23:18.447,33.002,56.94,1140,22.8,33,6,1.0344827586206895,1.0344827586206895
2025-06-03 13:22:55.327,33.002,57.21,1141,22.8,33,6,1.0426640809647898,1.0426640809647898
2025-06-03 13:22:54.170,32.996,57.39,1141,22.8,33,6,1.0483088859255667,1.0483088859255667
2025-06-03 13:22:59.932,33.002,57.03,1144,22.8,33,6,1.0372098660687232,1.0372098660687232
2025-06-03 13:22:58.788,33.002,57.23,1144,22.8,33,6,1.0432701048421305,1.0432701048421305
2025-06-03 13:23:10.335,33.006,57.22,1146,22.8,33,6,1.0428406956310974,1.0428406956310974
2025-06-03 13:23:11.494,33.004,57.58,1146,22.8,33,6,1.0538116591928253,1.0538116591928253
2025-06-03 13:23:08.000,33.007,57.52,1147,22.8,33,6,1.0518980822249826,1.0518980822249826
2025-06-03 13:23:12.655,32.996,57.2,1147,22.8,33,6,1.0425506121954178,1.0425506121954178
2025-06-03 13:23:13.807,33.004,57.13,1147,22.8,33,6,1.040176948248697,1.040176948248697
2025-06-03 13:23:09.169,32.987,57.33,1147,22.8,33,6,1.0467760026677175,1.0467760026677175
2025-06-03 13:22:11.419,32.014,56.95,1151,22.8,32,6,1.06672080964578,1.06672080964578
2025-06-03 13:22:12.578,31.991,57.57,1151,22.8,32,6,1.0868681816760963,1.0868681816760963
2025-06-03 13:22:09.124,31.995,57.57,1152,22.8,32,6,1.0867323019221753,1.0867323019221753
2025-06-03 13:22:10.275,32.012,57.01,1152,22.8,32,6,1.0686617518430586,1.0686617518430586
2025-06-03 13:22:05.691,31.998,57.13,1153,22.8,32,6,1.0728795549721857,1.0728795549721857
2025-06-03 13:22:07.983,32.008,57.52,1153,22.8,32,6,1.084728817795551,1.084728817795551
2025-06-03 13:22:06.843,32.005,56.8,1153,22.8,32,6,1.062334010310889,1.062334010310889
2025-06-03 13:22:04.528,32.007,57.0,1153,22.8,32,6,1.068516262067673,1.068516262067673
2025-06-03 13:21:51.737,32.008,57.3,1153,22.8,32,6,1.077855536115971,1.077855536115971
2025-06-03 13:21:50.579,32.005,57.22,1153,22.8,32,6,1.0754569598500234,1.0754569598500234
2025-06-03 13:21:56.415,31.997,57.5,1156,22.8,32,6,1.0844766696877832,1.0844766696877832
2025-06-03 13:22:03.368,32.007,57.18,1156,22.8,32,6,1.0741400318680288,1.0741400318680288
2025-06-03 13:21:55.233,32.009,56.85,1156,22.8,32,6,1.0637633165672151,1.0637633165672151
2025-06-03 13:21:58.747,32.01,56.87,1156,22.8,32,6,1.064354889097157,1.064354889097157
2025-06-03 13:22:02.210,32.007,57.18,1156,22.8,32,6,1.0741400318680288,1.0741400318680288
2025-06-03 13:21:57.589,32.003,57.18,1156,22.8,32,6,1.0742742867856137,1.0742742867856137
2025-06-03 13:21:59.901,32.006,56.96,1157,22.8,32,6,1.0672998812722614,1.0672998812722614
2025-06-03 13:22:01.052,31.998,57.49,1157,22.8,32,6,1.0841302581411336,1.0841302581411336
2025-06-03 13:21:54.071,32.005,57.22,1158,22.8,32,6,1.0754569598500234,1.0754569598500234
2025-06-03 13:21:52.910,31.992,57.09,1158,22.8,32,6,1.0718304576144038,1.0718304576144038
2025-06-03 13:24:16.326,34.01,57.89,1193,22.8,34,6,1.0317553660688037,1.0317553660688037
2025-06-03 13:24:15.178,34.007,58.03,1193,22.8,34,6,1.0359631840503427,1.0359631840503427
2025-06-03 13:23:56.629,34.002,57.89,1196,22.8,34,6,1.031998117757779,1.031998117757779
2025-06-03 13:23:57.799,34.001,57.83,1196,22.8,34,6,1.0302638157701245,1.0302638157701245
2025-06-03 13:24:08.221,34.003,58.11,1197,22.8,34,6,1.0384377849013322,1.0384377849013322
2025-06-03 13:24:09.380,34.006,57.69,1197,22.8,34,6,1.0259954125742516,1.0259954125742516
2025-06-03 13:24:22.068,33.998,58.14,1197,22.8,34,6,1.0394729101711868,1.0394729101711868
2025-06-03 13:24:02.440,33.993,58.12,1198,22.8,34,6,1.0390374488865353,1.0390374488865353
2025-06-03 13:24:01.280,34.004,57.72,1198,22.8,34,6,1.0269380072932597,1.0269380072932597
2025-06-03 13:23:58.956,33.996,57.98,1200,22.8,34,6,1.0348276267796208,1.0348276267796208
2025-06-03 13:24:00.122,34.004,57.93,1200,22.8,34,6,1.0331137513233737,1.0331137513233737
2025-06-03 13:24:12.856,34.007,57.76,1203,22.8,34,6,1.0280236421913134,1.0280236421913134
2025-06-03 13:24:14.012,33.989,58.33,1203,22.8,34,6,1.0453381976521816,1.0453381976521816
2025-06-03 13:24:19.776,34.006,57.7,1206,22.8,34,6,1.0262894783273542,1.0262894783273542
2025-06-03 13:24:20.921,33.994,58.09,1206,22.8,34,6,1.038124374889687,1.038124374889687
2025-06-03 13:24:04.749,34.003,57.94,1207,22.8,34,6,1.033438226038879,1.033438226038879
2025-06-03 13:24:03.593,34.003,57.74,1207,22.8,34,6,1.0275563920830515,1.0275563920830515
2025-06-03 13:23:54.328,33.995,58.0,1209,22.8,34,6,1.0354463891748789,1.0354463891748789
2025-06-03 13:24:05.902,33.991,57.94,1209,22.8,34,6,1.033803065517343,1.033803065517343
2025-06-03 13:23:55.482,33.998,58.13,1209,22.8,34,6,1.0391787752220718,1.0391787752220718
2025-06-03 13:24:07.060,33.991,58.19,1209,22.8,34,6,1.0411579535759463,1.0411579535759463
2025-06-03 13:24:17.470,33.99,58.19,1212,22.8,34,6,1.0411885848779052,1.0411885848779052
2025-06-03 13:24:11.697,34.003,58.0,1212,22.8,34,6,1.0352027762256273,1.0352027762256273
2025-06-03 13:24:18.625,34.001,58.15,1212,22.8,34,6,1.039675303667539,1.039675303667539
2025-06-03 13:24:10.538,33.988,58.2,1212,22.8,34,6,1.0415440743791928,1.0415440743791928
2025-06-03 13:25:00.244,35.003,58.33,1251,22.8,35,6,1.0150558523555124,1.0150558523555124
2025-06-03 13:25:16.379,35.009,58.34,1251,22.8,35,6,1.0151675283498531,1.0151675283498531
2025-06-03 13:25:01.405,35.003,58.33,1251,22.8,35,6,1.0150558523555124,1.0150558523555124
2025-06-03 13:25:17.533,34.991,58.24,1251,22.8,35,6,1.0128318710525563,1.0128318710525563
2025-06-03 13:24:56.769,35.003,58.18,1259,22.8,35,6,1.0107705053852525,1.0107705053852525
2025-06-03 13:24:55.620,35.001,58.4,1259,22.8,35,6,1.0171137967486643,1.0171137967486643
2025-06-03 13:25:21.010,35.001,58.05,1260,22.8,35,6,1.007114082454787,1.007114082454787
2025-06-03 13:25:22.168,34.991,58.81,1260,22.8,35,6,1.0291217741705012,1.0291217741705012
2025-06-03 13:24:59.095,34.991,58.64,1260,22.8,35,6,1.0242633820125175,1.0242633820125175
2025-06-03 13:24:57.939,35.002,57.9,1260,22.8,35,6,1.002799840009142,1.002799840009142
2025-06-03 13:25:04.857,35.003,58.35,1262,22.8,35,6,1.015627231951547,1.015627231951547
2025-06-03 13:25:06.005,34.985,58.35,1262,22.8,35,6,1.01614977847649,1.01614977847649
2025-06-03 13:25:24.478,35.005,58.23,1264,22.8,35,6,1.0121411226967574,1.0121411226967574
2025-06-03 13:25:23.321,35.003,58.69,1264,22.8,35,6,1.0253406850841356,1.0253406850841356
2025-06-03 13:25:12.911,35.01,58.34,1265,22.8,35,6,1.0151385318480437,1.0151385318480437
2025-06-03 13:25:07.144,34.985,58.74,1265,22.8,35,6,1.0272974131770758,1.0272974131770758
2025-06-03 13:25:11.753,35.003,58.47,1265,22.8,35,6,1.0190555095277547,1.0190555095277547
2025-06-03 13:25:08.298,35.003,58.51,1265,22.8,35,6,1.020198268719824,1.020198268719824
2025-06-03 13:25:10.607,34.989,58.41,1267,22.8,35,6,1.0177484352224986,1.0177484352224986
2025-06-03 13:25:09.448,35.004,58.42,1267,22.8,35,6,1.01759798880128,1.01759798880128
2025-06-03 13:25:14.072,34.999,58.67,1268,22.8,35,6,1.024886425326438,1.024886425326438
2025-06-03 13:25:18.686,34.998,57.84,1268,22.8,35,6,1.0012000685753475,1.0012000685753475
2025-06-03 13:25:19.854,35.005,58.63,1268,22.8,35,6,1.0235680617054703,1.0235680617054703
2025-06-03 13:25:15.229,35.003,58.83,1268,22.8,35,6,1.029340342256378,1.029340342256378
2025-06-03 13:25:03.710,35.004,58.38,1269,22.8,35,6,1.016455262255742,1.016455262255742
2025-06-03 13:25:02.556,34.987,58.8,1269,22.8,35,6,1.028953611341355,1.028953611341355
2025-06-03 13:26:11.905,35.989,59.59,1308,22.8,36,6,1.0222568006890995,1.0222568006890995
2025-06-03 13:26:13.068,36.003,58.98,1308,22.8,36,6,1.004916256978585,1.004916256978585
2025-06-03 13:25:59.197,35.99,58.92,1310,22.8,36,6,1.0036121144762435,1.0036121144762435
2025-06-03 13:25:58.057,36.006,58.98,1310,22.8,36,6,1.0048325279120145,1.0048325279120145
2025-06-03 13:27:09.654,36.998,59.42,1317,22.8,37,6,0.9897832315260288,0.9897832315260288
2025-06-03 13:27:10.816,37.005,59.42,1317,22.8,37,6,0.9895960005404676,0.9895960005404676
2025-06-03 13:26:18.846,35.992,58.81,1317,22.8,36,6,1.0005001111358085,1.0005001111358085
2025-06-03 13:26:23.457,35.998,58.55,1317,22.8,36,6,0.9931107283737988,0.9931107283737988
2025-06-03 13:26:20.006,36.002,58.94,1317,22.8,36,6,1.0038331203822008,1.0038331203822008
2025-06-03 13:26:24.611,36.002,58.84,1317,22.8,36,6,1.0010554969168382,1.0010554969168382
2025-06-03 13:26:26.889,35.995,58.94,1318,22.8,36,6,1.0040283372690653,1.0040283372690653
2025-06-03 13:26:25.749,36.0,58.85,1318,22.8,36,6,1.0013888888888889,1.0013888888888889
2025-06-03 13:26:22.303,35.995,58.48,1320,22.8,36,6,0.99124878455341,0.99124878455341
2025-06-03 13:26:21.156,36.001,58.11,1320,22.8,36,6,0.980806088719758,0.980806088719758
2025-06-03 13:26:00.342,36.001,59.27,1322,22.8,36,6,1.0130274159051138,1.0130274159051138
2025-06-03 13:26:04.969,36.002,58.65,1322,22.8,36,6,0.995778012332648,0.995778012332648
2025-06-03 13:26:01.493,35.999,58.67,1322,22.8,36,6,0.9964165671268648,0.9964165671268648
2025-06-03 13:26:06.126,36.001,58.87,1322,22.8,36,6,1.001916613427405,1.001916613427405
2025-06-03 13:26:07.277,35.994,58.87,1322,22.8,36,6,1.0021114630216146,1.0021114630216146
2025-06-03 13:26:08.438,36.003,58.87,1322,22.8,36,6,1.0018609560314415,1.0018609560314415
2025-06-03 13:26:17.685,36.008,58.71,1323,22.8,36,6,0.9972783825816484,0.9972783825816484
2025-06-03 13:26:16.530,36.01,58.73,1323,22.8,36,6,0.997778394890308,0.997778394890308
2025-06-03 13:26:15.380,35.99,59.79,1323,22.8,36,6,1.0277854959711028,1.0277854959711028
2025-06-03 13:26:14.219,36.004,58.64,1323,22.8,36,6,0.995444950561049,0.995444950561049
2025-06-03 13:27:18.870,37.004,59.43,1323,22.8,37,6,0.9898929845422116,0.9898929845422116
2025-06-03 13:27:20.038,37.003,59.4,1323,22.8,37,6,0.9891089911628784,0.9891089911628784
2025-06-03 13:27:21.192,36.994,59.69,1323,22.8,37,6,0.997188733308104,0.997188733308104
2025-06-03 13:27:22.352,37.007,59.41,1323,22.8,37,6,0.9892722998351664,0.9892722998351664
2025-06-03 13:26:09.592,36.003,59.22,1330,22.8,36,6,1.0115823681359888,1.0115823681359888
2025-06-03 13:26:10.750,36.003,58.61,1330,22.8,36,6,0.9946393356109212,0.9946393356109212
2025-06-03 13:26:03.818,35.997,59.36,1330,22.8,36,6,1.015640192238242,1.015640192238242
2025-06-03 13:26:02.661,35.999,59.36,1330,22.8,36,6,1.0155837662157283,1.0155837662157283
2025-06-03 13:27:00.416,37.004,59.27,1331,22.8,37,6,0.9855691276618744,0.9855691276618744
2025-06-03 13:27:01.576,36.994,59.51,1331,22.8,37,6,0.992323079418284,0.992323079418284
2025-06-03 13:27:05.031,36.994,59.57,1331,22.8,37,6,0.993944964048224,0.993944964048224
2025-06-03 13:27:16.569,36.997,59.42,1331,22.8,37,6,0.9898099845933456,0.9898099845933456
2025-06-03 13:27:17.721,36.995,59.59,1331,22.8,37,6,0.9944587106365728,0.9944587106365728
2025-06-03 13:27:15.413,37.002,59.43,1331,22.8,37,6,0.9899464893789524,0.9899464893789524
2025-06-03 13:27:06.187,36.999,59.45,1331,22.8,37,6,0.9905673126300713,0.9905673126300713
2025-06-03 13:27:14.267,36.995,59.53,1331,22.8,37,6,0.9928368698472768,0.9928368698472768
2025-06-03 13:27:11.966,37.005,59.17,1335,22.8,37,6,0.9828401567355765,0.9828401567355765
2025-06-03 13:27:13.120,36.995,59.43,1335,22.8,37,6,0.9901338018651168,0.9901338018651168
2025-06-03 13:27:08.498,36.996,59.43,1340,22.8,37,6,0.9901070385987673,0.9901070385987673
2025-06-03 13:27:07.340,37.003,59.24,1340,22.8,37,6,0.9847850174310192,0.9847850174310192
2025-06-03 13:27:02.732,37.0,59.66,1343,22.8,37,6,0.9962162162162164,0.9962162162162164
2025-06-03 13:27:03.882,37.003,59.23,1343,22.8,37,6,0.9845147690727776,0.9845147690727776
2025-06-03 13:27:24.663,36.996,59.52,1344,22.8,37,6,0.9925397340253,0.9925397340253
2025-06-03 13:27:23.513,37.006,59.3,1344,22.8,37,6,0.986326541641896,0.986326541641896
2025-06-03 13:27:28.129,36.993,59.46,1352,22.8,37,6,0.9909982969751032,0.9909982969751032
2025-06-03 13:27:25.812,37.0,59.39,1354,22.8,37,6,0.988918918918919,0.988918918918919
2025-06-03 13:27:26.967,37.003,59.36,1354,22.8,37,6,0.988027997729914,0.988027997729914
2025-06-03 13:28:07.423,38.003,60.31,1380,22.8,38,6,0.9870273399468464,0.9870273399468464
2025-06-03 13:28:15.468,38.003,60.25,1380,22.8,38,6,0.9854485172223246,0.9854485172223246
2025-06-03 13:28:06.259,37.992,60.59,1380,22.8,38,6,0.9946830911770902,0.9946830911770902
2025-06-03 13:28:16.620,38.002,60.11,1380,22.8,38,6,0.981790432082522,0.981790432082522
2025-06-03 13:28:10.885,38.002,60.32,1381,22.8,38,6,0.9873164570285772,0.9873164570285772
2025-06-03 13:28:29.321,37.994,60.57,1381,22.8,38,6,0.9941043322629888,0.9941043322629888
2025-06-03 13:28:30.483,38.001,60.18,1381,22.8,38,6,0.9836583247809269,0.9836583247809269
2025-06-03 13:28:12.035,38.003,60.32,1381,22.8,38,6,0.9872904770676,0.9872904770676
2025-06-03 13:28:17.772,37.992,60.7,1381,22.8,38,6,0.9975784375658036,0.9975784375658036
2025-06-03 13:28:18.923,38.003,60.41,1381,22.8,38,6,0.9896587111543824,0.9896587111543824
2025-06-03 13:28:09.728,37.991,60.53,1383,22.8,38,6,0.9931299518306969,0.9931299518306969
2025-06-03 13:28:24.709,37.999,60.45,1383,22.8,38,6,0.9908155477775732,0.9908155477775732
2025-06-03 13:28:25.864,37.996,60.52,1383,22.8,38,6,0.99273607748184,0.99273607748184
2025-06-03 13:28:01.630,37.985,61.32,1383,22.8,38,6,1.0140845070422535,1.0140845070422535
2025-06-03 13:28:08.573,38.002,60.12,1383,22.8,38,6,0.982053576127572,0.982053576127572
2025-06-03 13:28:02.788,37.992,60.49,1383,22.8,38,6,0.9920509580964414,0.9920509580964414
2025-06-03 13:28:13.172,38.003,60.06,1384,22.8,38,6,0.9804489119280058,0.9804489119280058
2025-06-03 13:28:23.552,38.005,60.29,1384,22.8,38,6,0.9864491514274436,0.9864491514274436
2025-06-03 13:28:14.316,37.989,60.59,1384,22.8,38,6,0.9947616415278108,0.9947616415278108
2025-06-03 13:28:22.392,38.001,60.46,1384,22.8,38,6,0.9910265519328438,0.9910265519328438
2025-06-03 13:28:28.170,37.998,60.32,1386,22.8,38,6,0.9874203905468708,0.9874203905468708
2025-06-03 13:28:27.015,38.003,60.34,1386,22.8,38,6,0.9878167513091072,0.9878167513091072
2025-06-03 13:28:21.237,37.997,60.5,1390,22.8,38,6,0.9921835934415876,0.9921835934415876
2025-06-03 13:28:20.077,38.007,60.31,1390,22.8,38,6,0.9869234614676246,0.9869234614676246
2025-06-03 13:28:05.106,38.001,60.03,1394,22.8,38,6,0.9797110602352572,0.9797110602352572
2025-06-03 13:28:03.940,38.002,60.11,1394,22.8,38,6,0.981790432082522,0.981790432082522
2025-06-03 13:29:27.076,38.998,60.37,1422,22.8,39,6,0.963382737576286,0.963382737576286
2025-06-03 13:29:28.230,39.004,60.2,1422,22.8,39,6,0.9588760127166448,0.9588760127166448
2025-06-03 13:29:30.521,38.999,60.27,1425,22.8,39,6,0.9607938665093976,0.9607938665093976
2025-06-03 13:29:29.370,38.993,60.4,1425,22.8,39,6,0.9642756392172952,0.9642756392172952
2025-06-03 13:29:20.142,39.004,60.63,1431,22.8,39,6,0.9699005230232796,0.9699005230232796
2025-06-03 13:29:21.315,39.006,60.56,1431,22.8,39,6,0.9680561964825926,0.9680561964825926
2025-06-03 13:29:25.923,38.987,60.79,1433,22.8,39,6,0.9744273732269728,0.9744273732269728
2025-06-03 13:29:24.775,39.004,60.39,1433,22.8,39,6,0.9637473079684136,0.9637473079684136
2025-06-03 13:30:23.595,40.008,61.66,1433,22.8,40,6,0.9713057388522296,0.9713057388522296
2025-06-03 13:30:22.447,40.008,61.02,1433,22.8,40,6,0.9553089382123574,0.9553089382123574
2025-06-03 13:29:16.682,39.0,60.42,1434,22.8,39,6,0.9646153846153848,0.9646153846153848
2025-06-03 13:29:15.531,38.99,60.98,1434,22.8,39,6,0.9792254424211334,0.9792254424211334
2025-06-03 13:29:08.610,39.001,60.49,1436,22.8,39,6,0.966385477295454,0.966385477295454
2025-06-03 13:29:06.302,39.001,60.58,1436,22.8,39,6,0.968693110433066,0.968693110433066
2025-06-03 13:29:17.835,39.002,60.4,1436,22.8,39,6,0.9640531254807444,0.9640531254807444
2025-06-03 13:29:09.772,39.004,60.58,1436,22.8,39,6,0.9686186032201828,0.9686186032201828
2025-06-03 13:29:14.380,38.99,60.36,1436,22.8,39,6,0.9633239292126188,0.9633239292126188
2025-06-03 13:29:13.221,39.003,60.36,1436,22.8,39,6,0.963002845934928,0.963002845934928
2025-06-03 13:29:18.989,38.987,60.95,1436,22.8,39,6,0.9785313053068972,0.9785313053068972
2025-06-03 13:29:07.461,38.999,60.63,1436,22.8,39,6,0.9700248724326264,0.9700248724326264
2025-06-03 13:30:25.884,40.01,61.36,1437,22.8,40,6,0.9637590602349414,0.9637590602349414
2025-06-03 13:30:24.736,40.002,61.91,1437,22.8,40,6,0.9777011149442528,0.9777011149442528
2025-06-03 13:29:10.919,38.996,60.88,1439,22.8,39,6,0.9765104113242384,0.9765104113242384
2025-06-03 13:29:03.993,39.002,60.85,1439,22.8,39,6,0.9755909953335724,0.9755909953335724
2025-06-03 13:29:05.140,39.0,60.5,1439,22.8,39,6,0.9666666666666668,0.9666666666666668
2025-06-03 13:29:12.074,39.005,60.58,1439,22.8,39,6,0.9685937700294832,0.9685937700294832
2025-06-03 13:30:27.028,40.008,61.06,1440,22.8,40,6,0.9563087382523496,0.9563087382523496
2025-06-03 13:30:28.177,39.996,61.29,1440,22.8,40,6,0.962346234623462,0.962346234623462
2025-06-03 13:31:12.070,41.005,61.31,1443,22.8,41,6,0.9391537617363735,0.9391537617363735
2025-06-03 13:29:23.618,39.004,60.44,1443,22.8,39,6,0.9650292277715108,0.9650292277715108
2025-06-03 13:29:22.463,38.987,61.15,1443,22.8,39,6,0.983661220406802,0.983661220406802
2025-06-03 13:31:13.246,40.989,61.54,1443,22.8,41,6,0.9451316206787186,0.9451316206787186
2025-06-03 13:31:08.614,41.001,61.22,1446,22.8,41,6,0.9370503158459552,0.9370503158459552
2025-06-03 13:30:14.406,40.009,61.01,1446,22.8,40,6,0.9550351170986526,0.9550351170986526
2025-06-03 13:30:13.261,40.007,60.99,1446,22.8,40,6,0.9545829479841028,0.9545829479841028
2025-06-03 13:31:07.459,41.004,61.19,1446,22.8,41,6,0.9362501219393232,0.9362501219393232
2025-06-03 13:30:31.654,39.989,61.76,1448,22.8,40,6,0.9742679236790116,0.9742679236790116
2025-06-03 13:30:32.806,40.008,61.5,1448,22.8,40,6,0.9673065386922616,0.9673065386922616
2025-06-03 13:29:31.669,38.999,60.1,1448,22.8,39,6,0.956434780378984,0.956434780378984
2025-06-03 13:29:32.816,38.999,60.32,1448,22.8,39,6,0.9620759506654016,0.9620759506654016
2025-06-03 13:30:09.776,40.006,61.19,1450,22.8,40,6,0.9596060590911364,0.9596060590911364
2025-06-03 13:30:33.960,40.007,61.44,1450,22.8,40,6,0.9658309795785738,0.9658309795785738
2025-06-03 13:30:30.500,40.009,61.08,1450,22.8,40,6,0.9567847234372266,0.9567847234372266
2025-06-03 13:30:08.624,39.989,61.47,1450,22.8,40,6,0.9670159293805798,0.9670159293805798
2025-06-03 13:30:29.328,40.009,61.04,1450,22.8,40,6,0.9557849483866128,0.9557849483866128
2025-06-03 13:30:21.301,40.001,61.34,1454,22.8,40,6,0.9634759131021726,0.9634759131021726
2025-06-03 13:30:20.158,39.998,61.8,1454,22.8,40,6,0.975048752437622,0.975048752437622
2025-06-03 13:30:17.859,40.005,61.07,1454,22.8,40,6,0.9566304211973502,0.9566304211973502
2025-06-03 13:30:16.708,40.005,61.39,1454,22.8,40,6,0.9646294213223348,0.9646294213223348
2025-06-03 13:30:15.554,39.994,61.39,1454,22.8,40,6,0.9648947342101316,0.9648947342101316
2025-06-03 13:30:19.011,40.007,60.99,1454,22.8,40,6,0.9545829479841028,0.9545829479841028
2025-06-03 13:31:19.000,41.001,61.28,1454,22.8,41,6,0.938513694787932,0.938513694787932
2025-06-03 13:31:20.147,41.002,61.16,1454,22.8,41,6,0.935564118823472,0.935564118823472
2025-06-03 13:30:07.468,40.008,61.1,1456,22.8,40,6,0.9573085382923414,0.9573085382923414
2025-06-03 13:30:06.312,40.009,61.43,1456,22.8,40,6,0.9655327551300956,0.9655327551300956
2025-06-03 13:31:14.398,41.003,61.32,1459,22.8,41,6,0.939443455356925,0.939443455356925
2025-06-03 13:31:15.558,41.002,60.96,1459,22.8,41,6,0.9306863079849762,0.9306863079849762
2025-06-03 13:31:24.741,41.008,61.29,1459,22.8,41,6,0.9385973468591492,0.9385973468591492
2025-06-03 13:31:23.590,41.004,61.55,1459,22.8,41,6,0.9450297531948104,0.9450297531948104
2025-06-03 13:31:09.764,40.986,61.96,1462,22.8,41,6,0.9554482018250134,0.9554482018250134
2025-06-03 13:31:10.915,41.003,61.09,1462,22.8,41,6,0.9338341096992904,0.9338341096992904
2025-06-03 13:31:17.858,41.001,61.21,1462,22.8,41,6,0.9368064193556256,0.9368064193556256
2025-06-03 13:31:16.713,40.997,61.21,1462,22.8,41,6,0.9368978217918384,0.9368978217918384
2025-06-03 13:30:10.946,40.008,61.14,1464,22.8,40,6,0.9583083383323336,0.9583083383323336
2025-06-03 13:30:12.108,39.99,61.41,1464,22.8,40,6,0.9654913728432108,0.9654913728432108
2025-06-03 13:31:21.288,41.002,60.95,1470,22.8,41,6,0.9304424174430516,0.9304424174430516
2025-06-03 13:31:22.438,40.996,61.51,1470,22.8,41,6,0.9442384622890037,0.9442384622890037
2025-06-03 13:31:27.052,41.007,61.14,1475,22.8,41,6,0.934962323505743,0.934962323505743
2025-06-03 13:31:25.888,40.997,61.83,1475,22.8,41,6,0.9520208795765543,0.9520208795765543
2025-06-03 13:31:30.513,41.003,61.48,1477,22.8,41,6,0.9433456088578884,0.9433456088578884
2025-06-03 13:31:29.360,40.99,61.79,1477,22.8,41,6,0.9512076116125884,0.9512076116125884
2025-06-03 13:31:28.203,41.006,61.3,1477,22.8,41,6,0.9388869921474906,0.9388869921474906
2025-06-03 13:31:31.667,41.001,60.98,1477,22.8,41,6,0.9311968000780468,0.9311968000780468
2025-06-03 13:31:35.126,41.002,61.12,1478,22.8,41,6,0.9345885566557728,0.9345885566557728
2025-06-03 13:31:33.973,41.002,61.21,1480,22.8,41,6,0.9367835715330958,0.9367835715330958
2025-06-03 13:31:32.820,40.982,61.88,1480,22.8,41,6,0.9535893807037236,0.9535893807037236
2025-06-03 13:32:18.991,41.996,61.78,1505,22.8,42,6,0.9281836365368132,0.9281836365368132
2025-06-03 13:32:17.838,42.0,61.82,1505,22.8,42,6,0.9290476190476188,0.9290476190476188
2025-06-03 13:32:22.450,42.003,62.07,1506,22.8,42,6,0.9349332190557816,0.9349332190557816
2025-06-03 13:32:23.608,41.989,62.49,1506,22.8,42,6,0.94524756483841,0.94524756483841
2025-06-03 13:32:35.161,42.003,62.02,1508,22.8,42,6,0.9337428278932456,0.9337428278932456
2025-06-03 13:32:34.002,41.98,62.38,1508,22.8,42,6,0.942829919009052,0.942829919009052
2025-06-03 13:32:36.314,42.004,62.0,1510,22.8,42,6,0.9332444529092468,0.9332444529092468
2025-06-03 13:32:29.373,42.006,61.65,1510,22.8,42,6,0.9248678760177116,0.9248678760177116
2025-06-03 13:32:30.535,41.984,62.48,1510,22.8,42,6,0.945121951219512,0.945121951219512
2025-06-03 13:32:37.462,41.986,62.52,1510,22.8,42,6,0.9460296289239272,0.9460296289239272
2025-06-03 13:32:32.847,42.004,61.91,1511,22.8,42,6,0.9311017998285878,0.9311017998285878
2025-06-03 13:32:24.760,42.005,62.16,1511,22.8,42,6,0.9370313057969288,0.9370313057969288
2025-06-03 13:32:25.913,42.008,62.18,1511,22.8,42,6,0.9374404875261854,0.9374404875261854
2025-06-03 13:32:31.688,42.005,62.09,1511,22.8,42,6,0.9353648375193432,0.9353648375193432
2025-06-03 13:32:21.296,42.004,61.7,1513,22.8,42,6,0.926102275973717,0.926102275973717
2025-06-03 13:32:20.147,41.996,62.21,1513,22.8,42,6,0.9384227069244688,0.9384227069244688
2025-06-03 13:32:10.939,41.987,62.22,1515,22.8,42,6,0.9388620287231764,0.9388620287231764
2025-06-03 13:32:12.091,42.001,61.79,1515,22.8,42,6,0.9283112306849836,0.9283112306849836
2025-06-03 13:32:13.228,42.004,61.82,1518,22.8,42,6,0.9289591467479288,0.9289591467479288
2025-06-03 13:32:28.223,42.008,61.84,1518,22.8,42,6,0.929346791087412,0.929346791087412
2025-06-03 13:32:27.068,41.986,62.75,1518,22.8,42,6,0.9515076454056116,0.9515076454056116
2025-06-03 13:32:14.381,41.995,61.83,1518,22.8,42,6,0.929396356709132,0.929396356709132
2025-06-03 13:32:16.670,42.005,61.82,1518,22.8,42,6,0.9289370313057967,0.9289370313057967
2025-06-03 13:32:15.524,41.997,62.24,1518,22.8,42,6,0.9391146986689524,0.9391146986689524
2025-06-03 13:32:08.627,42.007,62.33,1525,22.8,42,6,0.9410336372509344,0.9410336372509344
2025-06-03 13:32:09.790,42.004,61.74,1525,22.8,42,6,0.9270545662317874,0.9270545662317874
2025-06-03 13:34:39.786,44.007,63.23,1549,22.8,44,6,0.91871747676506,0.91871747676506
2025-06-03 13:34:38.633,44.007,63.19,1549,22.8,44,6,0.917808530461063,0.917808530461063
2025-06-03 13:35:20.186,45.004,64.05,1553,22.8,45,6,0.9165851924273398,0.9165851924273398
2025-06-03 13:35:19.035,44.991,64.74,1553,22.8,45,6,0.9321864372874574,0.9321864372874574
2025-06-03 13:33:21.367,43.009,62.42,1555,22.8,43,6,0.9212025390034644,0.9212025390034644
2025-06-03 13:35:23.638,45.005,64.89,1555,22.8,45,6,0.9352294189534496,0.9352294189534496
2025-06-03 13:35:24.793,45.003,63.81,1555,22.8,45,6,0.9112725818278784,0.9112725818278784
2025-06-03 13:33:24.821,42.994,63.05,1555,22.8,43,6,0.936177140996418,0.936177140996418
2025-06-03 13:33:25.969,43.009,62.62,1555,22.8,43,6,0.9258527284986862,0.9258527284986862
2025-06-03 13:33:20.207,42.997,62.42,1555,22.8,43,6,0.9214596367188408,0.9214596367188408
2025-06-03 13:35:35.136,45.003,64.3,1557,22.8,45,6,0.9221607448392328,0.9221607448392328
2025-06-03 13:35:36.290,45.004,64.22,1557,22.8,45,6,0.920362634432495,0.920362634432495
2025-06-03 13:33:37.466,43.004,62.49,1557,22.8,43,6,0.922937401171984,0.922937401171984
2025-06-03 13:33:36.306,43.002,63.06,1557,22.8,43,6,0.9362355239291196,0.9362355239291196
2025-06-03 13:33:23.668,43.01,62.11,1560,22.8,43,6,0.9139734945361544,0.9139734945361544
2025-06-03 13:33:22.517,43.009,62.32,1560,22.8,43,6,0.9188774442558534,0.9188774442558534
2025-06-03 13:34:23.651,44.005,63.39,1560,22.8,44,6,0.9223951823656404,0.9223951823656404
2025-06-03 13:34:22.493,44.007,63.39,1560,22.8,44,6,0.9223532619810486,0.9223532619810486
2025-06-03 13:34:28.235,44.008,63.69,1562,22.8,44,6,0.9291492455917104,0.9291492455917104
2025-06-03 13:34:27.088,44.002,63.01,1562,22.8,44,6,0.9138220989955,0.9138220989955
2025-06-03 13:33:10.977,43.011,63.1,1564,22.8,43,6,0.9369696124247284,0.9369696124247284
2025-06-03 13:33:12.126,42.982,62.73,1564,22.8,43,6,0.9289935321762596,0.9289935321762596
2025-06-03 13:34:20.183,44.007,63.54,1564,22.8,44,6,0.9257618106210376,0.9257618106210376
2025-06-03 13:34:21.341,43.988,64.4,1564,22.8,44,6,0.9457124670364648,0.9457124670364648
2025-06-03 13:33:35.155,42.981,63.02,1564,22.8,43,6,0.9357623135804192,0.9357623135804192
2025-06-03 13:35:21.336,45.003,63.89,1564,22.8,45,6,0.9130502410950382,0.9130502410950382
2025-06-03 13:35:22.487,44.989,64.89,1564,22.8,45,6,0.9355620262730892,0.9355620262730892
2025-06-03 13:33:34.002,43.007,62.57,1564,22.8,43,6,0.924733182970214,0.924733182970214
2025-06-03 13:35:32.825,45.004,63.58,1564,22.8,45,6,0.9061416762954404,0.9061416762954404
2025-06-03 13:35:38.591,45.001,64.57,1564,22.8,45,6,0.9282015955200996,0.9282015955200996
2025-06-03 13:35:33.976,45.003,64.07,1564,22.8,45,6,0.917049974446148,0.917049974446148
2025-06-03 13:35:37.441,45.003,63.96,1564,22.8,45,6,0.914605692953803,0.914605692953803
2025-06-03 13:34:36.323,44.006,63.22,1566,22.8,44,6,0.9185111121210744,0.9185111121210744
2025-06-03 13:34:37.484,44.002,64.39,1566,22.8,44,6,0.9451843098040998,0.9451843098040998
2025-06-03 13:34:13.261,44.007,63.54,1567,22.8,44,6,0.9257618106210376,0.9257618106210376
2025-06-03 13:34:14.418,43.998,63.62,1567,22.8,44,6,0.9277694440656392,0.9277694440656392
2025-06-03 13:34:32.847,43.993,63.87,1567,22.8,44,6,0.9335576114381832,0.9335576114381832
2025-06-03 13:34:30.532,44.013,63.35,1567,22.8,44,6,0.9213187012927998,0.9213187012927998
2025-06-03 13:34:31.689,44.014,63.09,1567,22.8,44,6,0.9153905575498704,0.9153905575498704
2025-06-03 13:34:29.383,43.989,64.27,1567,22.8,44,6,0.9427356839209804,0.9427356839209804
2025-06-03 13:34:40.930,44.001,63.78,1569,22.8,44,6,0.93134246948933,0.93134246948933
2025-06-03 13:34:17.876,43.994,64.05,1569,22.8,44,6,0.9376278583443196,0.9376278583443196
2025-06-03 13:34:35.168,44.009,62.75,1569,22.8,44,6,0.907768865459338,0.907768865459338
2025-06-03 13:34:34.005,44.008,63.36,1569,22.8,44,6,0.9216506089801856,0.9216506089801856
2025-06-03 13:34:19.032,44.007,63.55,1569,22.8,44,6,0.9259890471970368,0.9259890471970368
2025-06-03 13:34:16.720,44.003,63.26,1571,22.8,44,6,0.9194827625389176,0.9194827625389176
2025-06-03 13:34:24.800,44.005,63.31,1571,22.8,44,6,0.9205772071355528,0.9205772071355528
2025-06-03 13:34:15.564,44.006,63.24,1571,22.8,44,6,0.9189655956006,0.9189655956006
2025-06-03 13:34:25.952,43.987,64.71,1571,22.8,44,6,0.9527815036260712,0.9527815036260712
2025-06-03 13:33:29.412,43.013,62.53,1575,22.8,43,6,0.9236742380210636,0.9236742380210636
2025-06-03 13:35:27.104,44.988,64.58,1575,22.8,45,6,0.9286920956699564,0.9286920956699564
2025-06-03 13:33:31.694,42.986,63.02,1575,22.8,43,6,0.9356534685711628,0.9356534685711628
2025-06-03 13:33:32.852,43.005,62.77,1575,22.8,43,6,0.9294268108359492,0.9294268108359492
2025-06-03 13:33:30.547,43.01,62.11,1575,22.8,43,6,0.9139734945361544,0.9139734945361544
2025-06-03 13:35:25.948,45.003,63.79,1575,22.8,45,6,0.910828167011088,0.910828167011088
2025-06-03 13:35:28.245,45.005,64.0,1577,22.8,45,6,0.915453838462393,0.915453838462393
2025-06-03 13:35:39.743,45.004,64.35,1577,22.8,45,6,0.923251266554084,0.923251266554084
2025-06-03 13:35:40.912,45.003,64.08,1577,22.8,45,6,0.9172721818545432,0.9172721818545432
2025-06-03 13:35:29.392,45.005,64.13,1577,22.8,45,6,0.9183424063992888,0.9183424063992888
2025-06-03 13:33:27.120,43.011,62.26,1578,22.8,43,6,0.9174397247215826,0.9174397247215826
2025-06-03 13:35:42.069,46.317,67.07,1578,22.8,45,6,0.95580456419889,0.95580456419889
2025-06-03 13:33:28.272,42.991,63.58,1578,22.8,43,6,0.9485706310623154,0.9485706310623154
2025-06-03 13:35:16.731,45.004,64.27,1578,22.8,45,6,0.9214736467869524,0.9214736467869524
2025-06-03 13:35:17.886,45.004,63.6,1578,22.8,45,6,0.9065860812372232,0.9065860812372232
2025-06-03 13:33:13.275,43.003,62.85,1580,22.8,43,6,0.9313303722996068,0.9313303722996068
2025-06-03 13:35:14.422,45.004,63.55,1580,22.8,45,6,0.905475068882766,0.905475068882766
2025-06-03 13:33:39.785,43.004,62.59,1580,22.8,43,6,0.925262766254302,0.925262766254302
2025-06-03 13:33:38.627,42.986,63.14,1580,22.8,43,6,0.9384450751407436,0.9384450751407436
2025-06-03 13:33:16.745,43.002,62.67,1580,22.8,43,6,0.9271661783172876,0.9271661783172876
2025-06-03 13:33:15.587,42.995,62.45,1580,22.8,43,6,0.9222002558437028,0.9222002558437028
2025-06-03 13:33:19.055,43.005,62.35,1580,22.8,43,6,0.9196605045924892,0.9196605045924892
2025-06-03 13:33:14.425,43.01,62.32,1580,22.8,43,6,0.9188560799813996,0.9188560799813996
2025-06-03 13:33:17.902,43.011,62.36,1580,22.8,43,6,0.9197647113529096,0.9197647113529096
2025-06-03 13:35:15.576,44.996,64.53,1580,22.8,45,6,0.9274157702906926,0.9274157702906926
2025-06-03 13:35:30.534,44.999,64.38,1580,22.8,45,6,0.9240205337896396,0.9240205337896396
2025-06-03 13:35:31.673,45.007,63.69,1580,22.8,45,6,0.9085253405025886,0.9085253405025886
2025-06-03 13:37:28.272,47.002,64.97,1695,22.8,47,6,0.897195864005787,0.897195864005787
2025-06-03 13:37:29.416,46.993,65.38,1695,22.8,47,6,0.90609239673994,0.90609239673994
2025-06-03 13:37:42.074,47.001,65.22,1702,22.8,47,6,0.9025339886385396,0.9025339886385396
2025-06-03 13:37:43.231,47.001,65.05,1702,22.8,47,6,0.8989170443182061,0.8989170443182061
2025-06-03 13:36:20.178,45.997,64.83,1706,22.8,46,6,0.9137552449072766,0.9137552449072766
2025-06-03 13:36:21.330,46.0,65.09,1706,22.8,46,6,0.9193478260869566,0.9193478260869566
2025-06-03 13:36:36.321,45.992,65.61,1706,22.8,46,6,0.9308140546181946,0.9308140546181946
2025-06-03 13:36:37.478,46.003,64.77,1706,22.8,46,6,0.912331804447536,0.912331804447536
2025-06-03 13:36:16.719,45.994,65.28,1708,22.8,46,6,0.9235987302691656,0.9235987302691656
2025-06-03 13:36:32.856,45.994,65.53,1708,22.8,46,6,0.9290342218550248,0.9290342218550248
2025-06-03 13:36:31.704,46.003,64.92,1708,22.8,46,6,0.9155924613612156,0.9155924613612156
2025-06-03 13:36:23.638,46.0,64.92,1708,22.8,46,6,0.9156521739130437,0.9156521739130437
2025-06-03 13:36:15.557,46.003,64.81,1708,22.8,46,6,0.9132013129578508,0.9132013129578508
2025-06-03 13:36:22.482,46.003,64.79,1708,22.8,46,6,0.9127665587026936,0.9127665587026936
2025-06-03 13:36:28.274,46.002,64.82,1711,22.8,46,6,0.9134385461501672,0.9134385461501672
2025-06-03 13:36:27.116,46.003,64.82,1711,22.8,46,6,0.9134186900854292,0.9134186900854292
2025-06-03 13:37:35.159,47.004,64.79,1711,22.8,47,6,0.8933282273849037,0.8933282273849037
2025-06-03 13:37:36.315,47.001,64.95,1711,22.8,47,6,0.8967894300121275,0.8967894300121275
2025-06-03 13:37:16.752,47.003,64.23,1711,22.8,47,6,0.8814331000148928,0.8814331000148928
2025-06-03 13:37:17.908,46.992,65.63,1711,22.8,47,6,0.9114317330609466,0.9114317330609466
2025-06-03 13:36:42.108,46.003,64.62,1711,22.8,46,6,0.9090711475338566,0.9090711475338566
2025-06-03 13:36:40.950,46.003,64.95,1711,22.8,46,6,0.9162445927439516,0.9162445927439516
2025-06-03 13:37:30.561,47.003,64.78,1713,22.8,47,6,0.8931344807778228,0.8931344807778228
2025-06-03 13:37:31.710,47.002,65.11,1713,22.8,47,6,0.9001744606612485,0.9001744606612485
2025-06-03 13:37:23.680,47.002,64.86,1715,22.8,47,6,0.8948555380622101,0.8948555380622101
2025-06-03 13:36:17.871,46.001,65.07,1715,22.8,46,6,0.91889306754201,0.91889306754201
2025-06-03 13:36:19.023,46.003,64.94,1715,22.8,46,6,0.9160272156163728,0.9160272156163728
2025-06-03 13:37:24.834,46.987,65.77,1715,22.8,47,6,0.914508268244408,0.914508268244408
2025-06-03 13:37:25.992,47.003,64.79,1717,22.8,47,6,0.8933472331553307,0.8933472331553307
2025-06-03 13:37:21.371,46.989,66.05,1717,22.8,47,6,0.9204281853199684,0.9204281853199684
2025-06-03 13:37:22.533,47.003,64.91,1717,22.8,47,6,0.8959002616854244,0.8959002616854244
2025-06-03 13:36:25.961,46.003,65.09,1717,22.8,46,6,0.9192878725300524,0.9192878725300524
2025-06-03 13:36:35.164,46.004,64.68,1717,22.8,46,6,0.9103556212503264,0.9103556212503264
2025-06-03 13:36:34.004,46.005,64.77,1717,22.8,46,6,0.912292142158461,0.912292142158461
2025-06-03 13:37:38.613,47.002,65.3,1717,22.8,47,6,0.9042168418365176,0.9042168418365176
2025-06-03 13:37:37.462,46.999,65.54,1717,22.8,47,6,0.9093810506606526,0.9093810506606526
2025-06-03 13:36:24.798,45.998,65.09,1717,22.8,46,6,0.9193877994695424,0.9193877994695424
2025-06-03 13:37:27.133,47.002,64.79,1717,22.8,47,6,0.8933662397344795,0.8933662397344795
2025-06-03 13:36:30.559,46.003,64.77,1721,22.8,46,6,0.912331804447536,0.912331804447536
2025-06-03 13:36:29.412,45.995,65.3,1721,22.8,46,6,0.9240134797260572,0.9240134797260572
2025-06-03 13:36:43.258,45.994,65.22,1721,22.8,46,6,0.9222942122885596,0.9222942122885596
2025-06-03 13:37:20.217,47.001,64.74,1721,22.8,47,6,0.8923214399693623,0.8923214399693623
2025-06-03 13:37:19.061,47.002,64.65,1721,22.8,47,6,0.8903876430790181,0.8903876430790181
2025-06-03 13:37:34.011,47.004,65.69,1724,22.8,47,6,0.9124755339971068,0.9124755339971068
2025-06-03 13:37:32.860,47.002,65.13,1724,22.8,47,6,0.9005999744691714,0.9005999744691714
2025-06-03 13:36:39.796,45.993,65.41,1724,22.8,46,6,0.9264453286369664,0.9264453286369664
2025-06-03 13:36:38.632,46.003,64.71,1724,22.8,46,6,0.911027541682064,0.911027541682064
2025-06-03 13:37:40.919,46.998,65.4,1726,22.8,47,6,0.9064215498531856,0.9064215498531856
2025-06-03 13:37:45.534,47.002,64.88,1726,22.8,47,6,0.8952810518701331,0.8952810518701331
2025-06-03 13:37:39.765,47.002,64.81,1726,22.8,47,6,0.8937917535424025,0.8937917535424025
2025-06-03 13:37:44.382,46.992,65.99,1726,22.8,47,6,0.919092611508342,0.919092611508342
2025-06-03 13:40:49.066,49.988,66.67,1797,22.8,50,6,0.8776106265503721,0.8776106265503721
2025-06-03 13:40:47.910,50.011,66.03,1797,22.8,50,6,0.8644098298374358,0.8644098298374358
2025-06-03 13:40:32.958,49.991,66.21,1804,22.8,50,6,0.8683563041347442,0.8683563041347442
2025-06-03 13:40:31.803,50.008,66.21,1804,22.8,50,6,0.8680611102223643,0.8680611102223643
2025-06-03 13:41:52.514,51.013,66.58,1809,22.8,51,6,0.8582126124713308,0.8582126124713308
2025-06-03 13:41:51.361,51.009,66.54,1809,22.8,51,6,0.8574957360465801,0.8574957360465801
2025-06-03 13:43:43.316,51.287,67.21,1809,22.8,53,6,0.8659114395460837,0.8659114395460837
2025-06-03 13:41:40.960,51.021,66.28,1809,22.8,51,6,0.8521981145018719,0.8521981145018719
2025-06-03 13:41:39.794,50.988,66.74,1809,22.8,51,6,0.861771397191496,0.861771397191496
2025-06-03 13:42:43.347,51.222,66.84,1809,22.8,52,6,0.8597868103549258,0.8597868103549258
2025-06-03 13:42:42.199,51.193,66.74,1809,22.8,52,6,0.8583204735022366,0.8583204735022366
2025-06-03 13:43:42.171,51.24,66.4,1809,22.8,53,6,0.850897736143638,0.850897736143638
2025-06-03 13:40:36.421,50.007,65.95,1812,22.8,50,6,0.8628791969124324,0.8628791969124324
2025-06-03 13:40:37.568,49.996,66.36,1812,22.8,50,6,0.871269701576126,0.871269701576126
2025-06-03 13:41:24.866,51.066,66.56,1812,22.8,51,6,0.8569302471311636,0.8569302471311636
2025-06-03 13:41:23.715,50.977,67.0,1812,22.8,51,6,0.8670576926849365,0.8670576926849365
2025-06-03 13:44:37.558,51.288,67.09,1814,22.8,54,6,0.8635548276399939,0.8635548276399939
2025-06-03 13:43:31.842,51.256,67.01,1814,22.8,53,6,0.8625331668487594,0.8625331668487594
2025-06-03 13:43:30.691,51.224,66.41,1814,22.8,53,6,0.8513587380915196,0.8513587380915196
2025-06-03 13:44:47.937,51.336,67.43,1814,22.8,54,6,0.869370422315724,0.869370422315724
2025-06-03 13:44:36.415,51.268,66.95,1814,22.8,54,6,0.8611609581025201,0.8611609581025201
2025-06-03 13:40:29.475,49.98,66.14,1814,22.8,50,6,0.8671468587434975,0.8671468587434975
2025-06-03 13:40:30.651,50.004,66.26,1814,22.8,50,6,0.8691304695624352,0.8691304695624352
2025-06-03 13:45:31.843,51.282,67.34,1814,22.8,55,6,0.8685308685308687,0.8685308685308687
2025-06-03 13:39:46.735,49.002,65.7,1814,22.8,49,6,0.8754744704297784,0.8754744704297784
2025-06-03 13:45:30.694,51.234,67.28,1814,22.8,55,6,0.8681734785494009,0.8681734785494009
2025-06-03 13:40:28.321,50.006,66.26,1814,22.8,50,6,0.8690957085149783,0.8690957085149783
2025-06-03 13:39:47.891,49.004,65.79,1814,22.8,49,6,0.8772753244633094,0.8772753244633094
2025-06-03 13:40:43.297,50.011,65.9,1814,22.8,50,6,0.8618104017116236,0.8618104017116236
2025-06-03 13:41:29.479,51.001,66.34,1814,22.8,51,6,0.8537087508088078,0.8537087508088078
2025-06-03 13:42:31.831,51.15,66.81,1814,22.8,52,6,0.8604105571847509,0.8604105571847509
2025-06-03 13:41:28.328,50.996,66.41,1814,22.8,51,6,0.8551651109890971,0.8551651109890971
2025-06-03 13:44:49.084,51.353,67.24,1814,22.8,54,6,0.8653827429750939,0.8653827429750939
2025-06-03 13:42:54.878,51.301,66.73,1814,22.8,52,6,0.8563185902808913,0.8563185902808913
2025-06-03 13:42:53.726,51.335,66.65,1814,22.8,52,6,0.8541930456803352,0.8541930456803352
2025-06-03 13:40:44.451,50.011,65.72,1814,22.8,50,6,0.8582111935374217,0.8582111935374217
2025-06-03 13:42:30.677,51.142,66.92,1814,22.8,52,6,0.8626960228383717,0.8626960228383717
2025-06-03 13:40:27.159,50.005,65.99,1814,22.8,50,6,0.8637136286371362,0.8637136286371362
2025-06-03 13:43:54.866,51.35,67.24,1816,22.8,53,6,0.8654333008763387,0.8654333008763387
2025-06-03 13:43:53.697,51.325,66.8,1816,22.8,53,6,0.8572820263029712,0.8572820263029712
2025-06-03 13:42:47.964,51.237,67.07,1819,22.8,52,6,0.8640240451236411,0.8640240451236411
2025-06-03 13:42:46.808,51.255,66.88,1819,22.8,52,6,0.8600136572041751,0.8600136572041751
2025-06-03 13:40:42.142,50.003,66.38,1821,22.8,50,6,0.8715477071375717,0.8715477071375717
2025-06-03 13:42:26.024,51.074,66.16,1821,22.8,52,6,0.8489642479539492,0.8489642479539492
2025-06-03 13:42:27.179,51.14,66.85,1821,22.8,52,6,0.8613609698865857,0.8613609698865857
2025-06-03 13:40:24.854,50.008,66.16,1821,22.8,50,6,0.8670612701967685,0.8670612701967685
2025-06-03 13:40:26.008,49.985,66.51,1821,22.8,50,6,0.8744623387016106,0.8744623387016106
2025-06-03 13:40:40.993,50.007,66.12,1821,22.8,50,6,0.8662787209790631,0.8662787209790631
2025-06-03 13:40:39.853,50.011,65.82,1821,22.8,50,6,0.8602107536342003,0.8602107536342003
2025-06-03 13:40:38.710,49.994,66.85,1821,22.8,50,6,0.8811057326879225,0.8811057326879225
2025-06-03 13:40:50.219,50.006,66.11,1821,22.8,50,6,0.8660960684717834,0.8660960684717834
2025-06-03 13:41:38.646,50.995,66.78,1824,22.8,51,6,0.8624374938719483,0.8624374938719483
2025-06-03 13:41:37.505,50.988,67.37,1824,22.8,51,6,0.8741272456264221,0.8741272456264221
2025-06-03 13:38:32.867,47.999,65.43,1824,22.8,48,6,0.8881435029896457,0.8881435029896457
2025-06-03 13:38:34.016,48.0,65.54,1824,22.8,48,6,0.8904166666666669,0.8904166666666669
2025-06-03 13:39:28.315,48.991,66.54,1824,22.8,49,6,0.89281704802923,0.89281704802923
2025-06-03 13:39:29.459,49.002,65.73,1824,22.8,49,6,0.87608669033917,0.87608669033917
2025-06-03 13:42:32.978,51.158,66.95,1824,22.8,52,6,0.8630126275460339,0.8630126275460339
2025-06-03 13:42:34.146,51.15,66.67,1824,22.8,52,6,0.8576735092864126,0.8576735092864126
2025-06-03 13:43:44.470,51.332,67.38,1824,22.8,53,6,0.8684641159510637,0.8684641159510637
2025-06-03 13:43:45.633,51.289,67.78,1824,22.8,53,6,0.8769911676967771,0.8769911676967771
2025-06-03 13:40:23.706,50.01,66.04,1826,22.8,50,6,0.8646270745850833,0.8646270745850833
2025-06-03 13:40:46.759,50.01,65.93,1826,22.8,50,6,0.8624275144971008,0.8624275144971008
2025-06-03 13:39:36.400,48.993,66.01,1826,22.8,49,6,0.8819627293695019,0.8819627293695019
2025-06-03 13:39:35.239,49.003,65.8,1826,22.8,49,6,0.8774972960839132,0.8774972960839132
2025-06-03 13:44:51.401,51.311,66.94,1826,22.8,54,6,0.860244392040693,0.860244392040693
2025-06-03 13:40:22.546,49.989,66.73,1826,22.8,50,6,0.8787933345335975,0.8787933345335975
2025-06-03 13:42:28.337,51.123,66.61,1826,22.8,52,6,0.8569528392308746,0.8569528392308746
2025-06-03 13:41:49.056,51.013,66.55,1826,22.8,51,6,0.8576245270813322,0.8576245270813322
2025-06-03 13:42:45.660,51.25,67.34,1826,22.8,52,6,0.8690731707317074,0.8690731707317074
2025-06-03 13:42:44.501,51.201,66.73,1826,22.8,52,6,0.8579910548622098,0.8579910548622098
2025-06-03 13:41:27.177,51.011,66.52,1826,22.8,51,6,0.8570700437160612,0.8570700437160612
2025-06-03 13:44:50.243,51.317,67.06,1826,22.8,54,6,0.8624822183681822,0.8624822183681822
2025-06-03 13:43:34.147,51.252,66.56,1826,22.8,53,6,0.8538203387184891,0.8538203387184891
2025-06-03 13:43:32.994,51.27,66.86,1826,22.8,53,6,0.859371952408816,0.859371952408816
2025-06-03 13:41:50.207,50.978,67.36,1826,22.8,51,6,0.8741025540429205,0.8741025540429205
2025-06-03 13:40:45.605,49.999,66.32,1826,22.8,50,6,0.8704174083481668,0.8704174083481668
2025-06-03 13:42:29.519,51.11,66.72,1826,22.8,52,6,0.8593230287614949,0.8593230287614949
2025-06-03 13:41:26.014,51.105,66.33,1826,22.8,51,6,0.8517757557968888,0.8517757557968888
2025-06-03 13:45:39.935,51.335,67.57,1826,22.8,55,6,0.8721145417356578,0.8721145417356578
2025-06-03 13:45:41.112,51.371,67.17,1826,22.8,55,6,0.8637168830663216,0.8637168830663216
2025-06-03 13:39:39.859,48.997,65.81,1829,22.8,49,6,0.8778088454395168,0.8778088454395168
2025-06-03 13:39:49.037,49.002,65.47,1829,22.8,49,6,0.8707807844577772,0.8707807844577772
2025-06-03 13:44:34.124,51.255,66.67,1829,22.8,54,6,0.8559164959516146,0.8559164959516146
2025-06-03 13:44:35.276,51.232,66.67,1829,22.8,54,6,0.8563007495315429,0.8563007495315429
2025-06-03 13:44:38.694,51.267,67.09,1829,22.8,54,6,0.8639085571615269,0.8639085571615269
2025-06-03 13:44:39.855,51.267,67.16,1829,22.8,54,6,0.8652739579066455,0.8652739579066455
2025-06-03 13:39:41.008,49.005,65.74,1829,22.8,49,6,0.876237118661361,0.876237118661361
2025-06-03 13:39:32.923,48.986,66.22,1831,22.8,49,6,0.8863756991793574,0.8863756991793574
2025-06-03 13:43:56.015,51.34,66.8,1831,22.8,53,6,0.8570315543435917,0.8570315543435917
2025-06-03 13:39:34.091,49.004,65.9,1831,22.8,49,6,0.8795200391804753,0.8795200391804753
2025-06-03 13:40:35.262,50.009,66.38,1831,22.8,50,6,0.8714431402347577,0.8714431402347577
2025-06-03 13:40:34.109,49.991,66.79,1831,22.8,50,6,0.8799583925106521,0.8799583925106521
2025-06-03 13:39:23.693,49.002,65.89,1834,22.8,49,6,0.8793518631892576,0.8793518631892576
2025-06-03 13:39:45.582,49.002,65.74,1834,22.8,49,6,0.8762907636423002,0.8762907636423002
2025-06-03 13:38:23.632,47.996,66.05,1834,22.8,48,6,0.9011167597299774,0.9011167597299774
2025-06-03 13:38:38.640,47.998,65.89,1834,22.8,48,6,0.8977457394058087,0.8977457394058087
2025-06-03 13:38:37.489,48.005,65.69,1834,22.8,48,6,0.8934485991042599,0.8934485991042599
2025-06-03 13:38:24.786,48.001,65.25,1834,22.8,48,6,0.8843565759046688,0.8843565759046688
2025-06-03 13:39:30.604,49.003,65.76,1834,22.8,49,6,0.8766810195294167,0.8766810195294167
2025-06-03 13:39:44.435,48.999,66.11,1834,22.8,49,6,0.8838955897059124,0.8838955897059124
2025-06-03 13:39:24.844,48.991,66.54,1834,22.8,49,6,0.89281704802923,0.89281704802923
2025-06-03 13:39:31.770,48.986,65.76,1834,22.8,49,6,0.876985261095007,0.876985261095007
2025-06-03 13:39:38.707,49.003,65.8,1836,22.8,49,6,0.8774972960839132,0.8774972960839132
2025-06-03 13:39:37.559,49.003,66.02,1836,22.8,49,6,0.8819868171336449,0.8819868171336449
2025-06-03 13:38:45.556,48.003,65.7,1836,22.8,48,6,0.8936941441159929,0.8936941441159929
2025-06-03 13:38:44.394,48.002,65.79,1836,22.8,48,6,0.8955876838465066,0.8955876838465066
2025-06-03 13:38:43.248,47.997,65.91,1836,22.8,48,6,0.89818113632102,0.89818113632102
2025-06-03 13:38:42.093,47.998,65.81,1836,22.8,48,6,0.896079003291804,0.896079003291804
2025-06-03 13:39:43.297,49.001,65.7,1836,22.8,49,6,0.875492336891084,0.875492336891084
2025-06-03 13:39:42.146,49.003,65.46,1836,22.8,49,6,0.8705589453706916,0.8705589453706916
2025-06-03 13:42:35.302,51.169,66.41,1839,22.8,52,6,0.852273837675155,0.852273837675155
2025-06-03 13:43:41.027,51.284,66.67,1839,22.8,53,6,0.8554324935652446,0.8554324935652446
2025-06-03 13:39:25.999,49.003,65.86,1839,22.8,49,6,0.8787217109156583,0.8787217109156583
2025-06-03 13:41:34.081,50.975,66.43,1839,22.8,51,6,0.8559097596861208,0.8559097596861208
2025-06-03 13:41:47.905,51.011,67.35,1839,22.8,51,6,0.8733410440885299,0.8733410440885299
2025-06-03 13:39:21.383,48.996,66.31,1839,22.8,49,6,0.8880316760551883,0.8880316760551883
2025-06-03 13:39:22.541,49.003,66.06,1839,22.8,49,6,0.8828030936881417,0.8828030936881417
2025-06-03 13:42:39.890,51.186,66.99,1839,22.8,52,6,0.8633220021099519,0.8633220021099519
2025-06-03 13:42:41.055,51.16,66.53,1839,22.8,52,6,0.8547693510555122,0.8547693510555122
2025-06-03 13:41:46.745,50.984,66.74,1839,22.8,51,6,0.8618390083163344,0.8618390083163344
2025-06-03 13:41:42.113,51.007,67.0,1839,22.8,51,6,0.8665477287431138,0.8665477287431138
2025-06-03 13:38:36.323,48.002,65.91,1839,22.8,48,6,0.8980875796841797,0.8980875796841797
2025-06-03 13:41:45.600,51.016,66.38,1839,22.8,51,6,0.8542418064920809,0.8542418064920809
2025-06-03 13:42:38.751,51.176,66.93,1839,22.8,52,6,0.8623182741910272,0.8623182741910272
2025-06-03 13:42:36.455,51.143,66.82,1839,22.8,52,6,0.8607238527266683,0.8607238527266683
2025-06-03 13:41:44.431,51.012,67.22,1839,22.8,51,6,0.8707755038030268,0.8707755038030268
2025-06-03 13:38:35.163,47.994,66.38,1839,22.8,48,6,0.9080301704379714,0.9080301704379714
2025-06-03 13:41:32.931,50.996,66.43,1839,22.8,51,6,0.855557298611656,0.855557298611656
2025-06-03 13:39:27.158,49.003,66.03,1839,22.8,49,6,0.8821908862722692,0.8821908862722692
2025-06-03 13:42:37.607,51.176,66.82,1839,22.8,52,6,0.8601688291386587,0.8601688291386587
2025-06-03 13:44:44.463,51.313,66.72,1839,22.8,54,6,0.8559234501978056,0.8559234501978056
2025-06-03 13:44:43.311,51.284,67.09,1839,22.8,54,6,0.8636221823570706,0.8636221823570706
2025-06-03 13:43:39.881,51.253,66.58,1839,22.8,53,6,0.8541939008448286,0.8541939008448286
2025-06-03 13:41:43.282,50.991,66.51,1839,22.8,51,6,0.8572100958992765,0.8572100958992765
2025-06-03 13:38:28.249,48.002,66.03,1839,22.8,48,6,0.9005874755218533,0.9005874755218533
2025-06-03 13:38:29.409,48.002,65.5,1839,22.8,48,6,0.8895462689054623,0.8895462689054623
2025-06-03 13:38:30.561,48.002,65.48,1839,22.8,48,6,0.8891296195991835,0.8891296195991835
2025-06-03 13:38:31.719,47.993,66.09,1839,22.8,48,6,0.9020065426207988,0.9020065426207988
2025-06-03 13:44:54.863,51.277,67.42,1841,22.8,54,6,0.8701757123076623,0.8701757123076623
2025-06-03 13:43:29.533,51.2,66.88,1841,22.8,53,6,0.8609374999999999,0.8609374999999999
2025-06-03 13:43:37.599,51.247,67.47,1841,22.8,53,6,0.8716607801432279,0.8716607801432279
2025-06-03 13:44:46.774,51.334,67.4,1841,22.8,54,6,0.8688198854560332,0.8688198854560332
2025-06-03 13:43:28.382,51.191,67.16,1841,22.8,53,6,0.8665585747494676,0.8665585747494676
2025-06-03 13:42:49.118,51.252,66.57,1841,22.8,52,6,0.8540154530554904,0.8540154530554904
2025-06-03 13:42:50.276,51.274,66.99,1841,22.8,52,6,0.8618403089285017,0.8618403089285017
2025-06-03 13:43:38.742,51.247,67.47,1841,22.8,53,6,0.8716607801432279,0.8716607801432279
2025-06-03 13:45:32.991,51.263,67.35,1841,22.8,55,6,0.8690478512767493,0.8690478512767493
2025-06-03 13:44:45.617,51.362,67.02,1841,22.8,54,6,0.860947782407227,0.860947782407227
2025-06-03 13:45:37.610,51.352,67.38,1841,22.8,55,6,0.8681258763047204,0.8681258763047204
2025-06-03 13:45:38.759,51.362,67.3,1841,22.8,55,6,0.866399283516997,0.866399283516997
2025-06-03 13:44:56.024,51.302,67.44,1841,22.8,54,6,0.8701415149506841,0.8701415149506841
2025-06-03 13:45:34.139,51.286,67.49,1841,22.8,55,6,0.8713879031314589,0.8713879031314589
2025-06-03 13:38:27.092,47.992,66.03,1844,22.8,48,6,0.900775129188198,0.900775129188198
2025-06-03 13:38:19.035,48.0,65.66,1844,22.8,48,6,0.8929166666666667,0.8929166666666667
2025-06-03 13:38:20.185,47.997,65.97,1844,22.8,48,6,0.8994312144509032,0.8994312144509032
2025-06-03 13:38:22.489,48.001,65.46,1844,22.8,48,6,0.8887314847607342,0.8887314847607342
2025-06-03 13:43:35.296,51.267,66.82,1844,22.8,53,6,0.8586420114303547,0.8586420114303547
2025-06-03 13:44:31.822,51.214,66.75,1844,22.8,54,6,0.8581637833404929,0.8581637833404929
2025-06-03 13:38:25.935,47.999,65.71,1844,22.8,48,6,0.8939769578532885,0.8939769578532885
2025-06-03 13:41:30.629,50.968,66.66,1844,22.8,51,6,0.8605399466331816,0.8605399466331816
2025-06-03 13:44:41.001,51.292,66.95,1844,22.8,54,6,0.8607580129454887,0.8607580129454887
2025-06-03 13:44:32.974,51.237,67.22,1844,22.8,54,6,0.8669516169955306,0.8669516169955306
2025-06-03 13:44:42.156,51.323,67.2,1844,22.8,54,6,0.8651092102955791,0.8651092102955791
2025-06-03 13:38:21.333,47.999,65.35,1844,22.8,48,6,0.8864768016000333,0.8864768016000333
2025-06-03 13:38:47.866,48.001,65.62,1844,22.8,48,6,0.89206474865107,0.89206474865107
2025-06-03 13:38:46.714,47.994,66.06,1844,22.8,48,6,0.9013626703337918,0.9013626703337918
2025-06-03 13:42:51.423,51.251,67.08,1844,22.8,52,6,0.8639831417923554,0.8639831417923554
2025-06-03 13:42:52.574,51.298,67.08,1844,22.8,52,6,0.8631915474287497,0.8631915474287497
2025-06-03 13:43:36.452,51.282,66.92,1844,22.8,53,6,0.8603408603408604,0.8603408603408604
2025-06-03 13:44:52.555,51.32,67.53,1844,22.8,54,6,0.8715900233826969,0.8715900233826969
2025-06-03 13:44:57.181,51.326,67.4,1844,22.8,54,6,0.8689553053033552,0.8689553053033552
2025-06-03 13:44:53.714,51.286,67.05,1844,22.8,54,6,0.862808563740592,0.862808563740592
2025-06-03 13:45:36.460,51.318,67.28,1844,22.8,55,6,0.8667524065629995,0.8667524065629995
2025-06-03 13:45:35.294,51.321,67.43,1844,22.8,55,6,0.8696245201769258,0.8696245201769258
2025-06-03 13:41:36.365,50.984,66.13,1844,22.8,51,6,0.8498744704220932,0.8498744704220932
2025-06-03 13:41:35.227,50.975,66.44,1844,22.8,51,6,0.8561059342815105,0.8561059342815105
2025-06-03 13:41:31.780,50.995,66.72,1844,22.8,51,6,0.8612609079321503,0.8612609079321503
2025-06-03 13:38:39.790,47.998,65.96,1846,22.8,48,6,0.8992041335055627,0.8992041335055627
2025-06-03 13:44:29.515,51.198,66.9,1846,22.8,54,6,0.8613617719442167,0.8613617719442167
2025-06-03 13:38:40.944,48.003,65.74,1846,22.8,48,6,0.8945274253692477,0.8945274253692477
2025-06-03 13:43:51.394,51.342,67.26,1846,22.8,53,6,0.8659576954540145,0.8659576954540145
2025-06-03 13:43:52.546,51.32,66.93,1846,22.8,53,6,0.8598986749805146,0.8598986749805146
2025-06-03 13:43:50.244,51.32,67.42,1846,22.8,53,6,0.8694466095089635,0.8694466095089635
2025-06-03 13:43:47.942,51.329,66.78,1846,22.8,53,6,0.8568255761850027,0.8568255761850027
2025-06-03 13:43:46.784,51.316,66.32,1846,22.8,53,6,0.8480785719853455,0.8480785719853455
2025-06-03 13:44:30.671,51.238,66.99,1846,22.8,54,6,0.8624458409773995,0.8624458409773995
2025-06-03 13:43:49.099,51.289,67.03,1846,22.8,53,6,0.8623681491157948,0.8623681491157948
2025-06-03 13:45:43.415,51.376,67.31,1914,22.8,55,6,0.86635783245095,0.86635783245095
2025-06-03 13:45:42.260,51.376,67.17,1914,22.8,55,6,0.8636328246652134,0.8636328246652134
2025-06-03 13:45:45.726,51.353,67.17,1953,22.8,55,6,0.864019628843495,0.864019628843495
2025-06-03 13:45:44.566,51.344,67.34,1953,22.8,55,6,0.8674820816453724,0.8674820816453724
2025-06-03 13:45:50.361,51.359,67.81,1956,22.8,55,6,0.8763799918222708,0.8763799918222708
2025-06-03 13:45:54.977,51.392,67.61,1956,22.8,55,6,0.8719255915317559,0.8719255915317559
2025-06-03 13:45:53.825,51.372,67.57,1956,22.8,55,6,0.8714864128318928,0.8714864128318928
2025-06-03 13:45:49.209,51.333,67.27,1956,22.8,55,6,0.8663043266514717,0.8663043266514717
2025-06-03 13:45:56.131,51.39,67.43,1959,22.8,55,6,0.8684568982292277,0.8684568982292277
2025-06-03 13:45:57.282,51.424,67.36,1959,22.8,55,6,0.8665214685749845,0.8665214685749845
2025-06-03 13:45:48.038,51.328,67.87,1965,22.8,55,6,0.878078241895262,0.878078241895262
2025-06-03 13:45:59.572,51.405,67.45,1965,22.8,55,6,0.8685925493629025,0.8685925493629025
2025-06-03 13:45:58.425,51.438,67.41,1965,22.8,55,6,0.8672576694272716,0.8672576694272716
2025-06-03 13:45:46.878,51.357,67.49,1965,22.8,55,6,0.8701832272134276,0.8701832272134276
2025-06-03 13:45:51.517,51.34,67.55,1967,22.8,55,6,0.8716400467471757,0.8716400467471757
2025-06-03 13:45:52.670,51.355,67.24,1967,22.8,55,6,0.8653490409891929,0.8653490409891929
